/*
Navicat MySQL Data Transfer

Source Server         : localhost_3307
Source Server Version : 50536
Source Host           : localhost:3307
Source Database       : jianshu

Target Server Type    : MYSQL
Target Server Version : 50536
File Encoding         : 65001

Date: 2019-07-11 13:18:50
*/

SET FOREIGN_KEY_CHECKS=0;
-- ----------------------------
-- Table structure for `article`
-- ----------------------------
DROP TABLE IF EXISTS `article`;
CREATE TABLE `article` (
  `articleId` int(11) NOT NULL AUTO_INCREMENT COMMENT '文章id，是一篇文章的唯一标识',
  `author` int(11) DEFAULT NULL COMMENT '作者, 外键, 引用user.uid',
  `title` varchar(255) DEFAULT NULL COMMENT '文章标题',
  `content` text COMMENT '文章内容',
  `totalDiamond` float(8,2) DEFAULT NULL COMMENT '此处是获得钻石总计数',
  `postTime` datetime DEFAULT NULL COMMENT '文章的发表时间',
  `wordNum` int(11) DEFAULT NULL COMMENT '文章攥写字数统计',
  `readNum` int(11) DEFAULT NULL COMMENT '文章被阅读数量',
  `commentNum` int(11) DEFAULT NULL COMMENT '文章被评论的数量',
  `likeNum` int(11) DEFAULT NULL COMMENT '文章被喜欢的数量',
  PRIMARY KEY (`articleId`),
  KEY `FK_UserPostArticle` (`author`),
  CONSTRAINT `FK_UserPostArticle` FOREIGN KEY (`author`) REFERENCES `user` (`uid`)
) ENGINE=InnoDB AUTO_INCREMENT=101 DEFAULT CHARSET=utf8;

-- ----------------------------
-- Records of article
-- ----------------------------
INSERT INTO article VALUES ('1', '28', 'Vettriano', 'Quae molestias minus repellendus nesciunt. Harum eos quam sit architecto sed quam. Perspiciatis accusantium alias voluptatem animi. Numquam blanditiis sapiente corrupti veritatis laudantium sint omnis.', '3164.00', '2019-07-11 09:35:58', '2407', '30', '1433', '37');
INSERT INTO article VALUES ('2', '25', 'Chagall', 'Nihil molestiae possimus. Eius doloremque autem dolores aut. At ut nisi magnam. Voluptates ratione ea excepturi laboriosam neque.', '2283.00', '2019-07-11 09:35:58', '391', '12', '640', '41');
INSERT INTO article VALUES ('3', '83', 'Edward Hopper', 'Enim atque quisquam atque sit ut. Reiciendis id minima sit porro quam cum quia. Occaecati atque ratione possimus nobis. Ratione vel quia et.', '774.00', '2019-07-11 09:35:58', '2448', '61', '1177', '8');
INSERT INTO article VALUES ('4', '77', 'Klimt', 'Nisi dolore temporibus libero ullam repellendus. Exercitationem aut et. Possimus nobis assumenda quo quis dignissimos voluptatem sequi. Consequatur ipsam perferendis earum at voluptatem temporibus quo.', '315.00', '2019-07-11 09:35:58', '1328', '22', '2427', '31');
INSERT INTO article VALUES ('5', '63', 'Durer', 'Alias modi et iure in itaque reprehenderit qui. Accusantium voluptatibus voluptatem aut quis eveniet iste voluptatem. Quia rerum culpa. Aperiam totam suscipit ut. Id ut quam accusantium rerum.', '79.00', '2019-07-11 09:35:58', '200', '46', '1684', '82');
INSERT INTO article VALUES ('6', '28', 'Matisse', 'Quas animi et voluptatem unde in. Molestiae soluta at vel voluptatem voluptas. Vitae ut consequatur neque quasi rerum totam voluptatem. Voluptatem culpa mollitia voluptatum ducimus. Quasi sed animi sapiente provident est ut eum.', '999.00', '2019-07-11 09:35:58', '54', '78', '2430', '62');
INSERT INTO article VALUES ('7', '16', 'Seurat', 'Dolorum a at quia illo veritatis qui. Natus ut quae quia nihil quia eos. Amet est in. Tempora omnis in. Voluptatem vel culpa fugiat.', '1733.00', '2019-07-11 09:35:58', '892', '69', '584', '22');
INSERT INTO article VALUES ('8', '91', 'El Greco', 'Ipsam autem placeat. Rerum sed velit qui nulla. Nostrum commodi beatae vero aut assumenda aut quia. Aut impedit id.', '3843.00', '2019-07-11 09:35:58', '1959', '46', '2060', '53');
INSERT INTO article VALUES ('9', '6', 'Winslow Homer', 'Aliquam cum saepe consequuntur enim qui tenetur neque. Quod non fugiat placeat qui provident. Id cum quod unde qui.', '3490.00', '2019-07-11 09:35:58', '2772', '87', '784', '53');
INSERT INTO article VALUES ('10', '68', 'Rembrandt', 'Quo expedita repudiandae ea ab nesciunt quam non. Voluptatem numquam dolore earum at. Est sed repudiandae omnis libero pariatur.', '3486.00', '2019-07-11 09:35:58', '126', '63', '1534', '74');
INSERT INTO article VALUES ('11', '9', 'Degas', 'Omnis architecto excepturi velit quisquam aut est qui. Fugiat et tenetur. Necessitatibus aperiam velit impedit. Repellat vel eius placeat quis aut.', '690.00', '2019-07-11 09:35:58', '2194', '68', '1047', '73');
INSERT INTO article VALUES ('12', '71', 'Pollock', 'Expedita dolores provident molestiae. Omnis doloremque velit est sunt magni. Aut id non.', '3037.00', '2019-07-11 09:35:58', '1315', '59', '764', '47');
INSERT INTO article VALUES ('13', '61', 'Paul Klee', 'Occaecati quia recusandae dicta necessitatibus sit nesciunt. Fugiat ea aliquam. Eos itaque cupiditate. Et dolorem quibusdam omnis a. Eligendi repellendus est quo.', '3245.00', '2019-07-11 09:35:58', '1903', '85', '1790', '8');
INSERT INTO article VALUES ('14', '92', 'Rembrandt', 'Molestiae et eveniet quaerat doloremque non accusamus. Facere ea et distinctio quae voluptates occaecati soluta. Esse consequatur occaecati. Eos qui sit possimus porro praesentium aut quo. Deleniti ut recusandae.', '2152.00', '2019-07-11 09:35:58', '2776', '82', '194', '63');
INSERT INTO article VALUES ('15', '55', 'Picasso', 'Repellat nemo omnis et sapiente natus. Nostrum voluptas omnis ullam aperiam eum. Occaecati dignissimos in minima corporis consequuntur quae quis. Voluptate consequuntur qui ut temporibus doloremque.', '3252.00', '2019-07-11 09:35:58', '424', '65', '1699', '51');
INSERT INTO article VALUES ('16', '66', 'Pollock', 'Fugit non quis et eum nihil. Vel quod quam optio. Fugiat recusandae maxime nam quaerat iure provident.', '3719.00', '2019-07-11 09:35:58', '2960', '33', '571', '28');
INSERT INTO article VALUES ('17', '44', 'Picasso', 'Et aspernatur est adipisci optio. Iste iusto nihil rerum neque. Et autem itaque voluptates qui qui. Neque quo aut hic voluptatem quia velit. Dolor doloremque voluptas quasi molestias.', '641.00', '2019-07-11 09:35:58', '200', '95', '1143', '39');
INSERT INTO article VALUES ('18', '53', 'Winslow Homer', 'Quas praesentium voluptas ea quam. Ut labore a aliquam rerum. Repellendus eum quia itaque tempore assumenda veniam.', '3211.00', '2019-07-11 09:35:58', '819', '67', '1976', '55');
INSERT INTO article VALUES ('19', '14', 'Da Vinci', 'Sit at velit voluptatum dignissimos. A aperiam exercitationem sunt veniam placeat eum. Est aut saepe voluptatem quod perferendis quis. Laudantium atque voluptate et et nulla quis.', '1070.00', '2019-07-11 09:35:58', '2772', '60', '770', '19');
INSERT INTO article VALUES ('20', '95', 'Dali', 'Provident eius quo autem tempore consequatur optio aliquid. Voluptas unde tempora qui quis cupiditate. Quis architecto et dolore ipsam. Est occaecati aut dignissimos.', '342.00', '2019-07-11 09:35:58', '2582', '89', '2648', '59');
INSERT INTO article VALUES ('21', '4', 'Renoir', 'Non ut ut. Velit quas et quia sint sapiente voluptatibus. Qui suscipit voluptatem eaque harum.', '3004.00', '2019-07-11 09:35:58', '84', '88', '593', '50');
INSERT INTO article VALUES ('22', '49', 'Rothko', 'Et hic et est maxime. Voluptatem officia qui. Nihil rem ad esse nostrum quia qui. Repellendus in iste sunt voluptas omnis aut libero.', '2191.00', '2019-07-11 09:35:58', '973', '92', '1707', '8');
INSERT INTO article VALUES ('23', '73', 'Vincent', 'Quis unde occaecati officiis natus. Quibusdam harum maxime numquam exercitationem fugiat. Incidunt est nihil assumenda quasi ipsam. Eum odio sunt aut eum similique sed. Iusto et aut aut nisi.', '1147.00', '2019-07-11 09:35:58', '2889', '53', '508', '51');
INSERT INTO article VALUES ('24', '68', 'Donatello', 'Itaque sit soluta porro. Ut quis et dolores atque qui. Cumque nihil distinctio. Eos placeat dolor.', '727.00', '2019-07-11 09:35:58', '2047', '5', '2795', '12');
INSERT INTO article VALUES ('25', '45', 'Raphael', 'Adipisci et aut libero voluptas est vel. Tenetur ex fugiat voluptas quia aut voluptas voluptas. Vel numquam voluptatibus aliquid quam minima quis quia.', '341.00', '2019-07-11 09:35:58', '1242', '67', '87', '13');
INSERT INTO article VALUES ('26', '86', 'Matisse', 'Tempore et blanditiis ut quia. Aliquid provident impedit aut pariatur delectus excepturi sequi. Aliquam hic voluptas suscipit occaecati dicta. Ducimus eos velit et eaque quia illum maxime. Et autem et rem.', '2641.00', '2019-07-11 09:35:58', '2821', '25', '2797', '43');
INSERT INTO article VALUES ('27', '83', 'Titian', 'Sapiente facere delectus. Quidem aut accusamus temporibus dicta. Aut quia dolore. Incidunt hic aut. Velit officia sit explicabo nemo.', '1439.00', '2019-07-11 09:35:58', '1272', '50', '906', '32');
INSERT INTO article VALUES ('28', '47', 'Rothko', 'Qui ex earum et et et rerum. Quia sit totam nihil sunt consectetur quo. Cupiditate quia alias autem expedita.', '2171.00', '2019-07-11 09:35:58', '2873', '13', '669', '27');
INSERT INTO article VALUES ('29', '20', 'Rubens', 'Eum impedit illo harum. Consequatur accusantium earum. Sint quis consequatur. A enim fugiat autem optio. Nesciunt enim nisi soluta numquam fugiat.', '3625.00', '2019-07-11 09:35:58', '2071', '76', '2468', '73');
INSERT INTO article VALUES ('30', '8', 'Munch', 'Esse sunt ipsam qui sint. Et est voluptatem consequatur pariatur. Perferendis aut sint sit. Quis neque perspiciatis cumque natus similique numquam.', '2500.00', '2019-07-11 09:35:58', '372', '55', '2516', '1');
INSERT INTO article VALUES ('31', '29', 'Diego Rivera', 'Illum iure dolorum modi. Maxime non quia. Optio molestiae qui. Molestiae libero expedita inventore iusto. Laboriosam laboriosam eum magnam est.', '761.00', '2019-07-11 09:35:58', '1999', '30', '1563', '94');
INSERT INTO article VALUES ('32', '8', 'Rothko', 'Facere aliquid quasi expedita. Fugiat eum nihil voluptatum iure. Ut a pariatur labore. Beatae consectetur animi quia qui.', '517.00', '2019-07-11 09:35:58', '496', '53', '2613', '19');
INSERT INTO article VALUES ('33', '82', 'Vettriano', 'In quisquam facilis est dolor. Omnis consectetur voluptas. Animi fuga ducimus repellat alias.', '1891.00', '2019-07-11 09:35:58', '1960', '98', '1455', '10');
INSERT INTO article VALUES ('34', '71', 'Degas', 'Sit omnis qui. Blanditiis voluptatem consequatur alias. Impedit voluptas dolores quia.', '1987.00', '2019-07-11 09:35:58', '2883', '90', '508', '51');
INSERT INTO article VALUES ('35', '4', 'Michelangelo', 'Necessitatibus distinctio id. Sint hic quasi rerum alias. Maiores fuga officiis quisquam perspiciatis dolorum.', '804.00', '2019-07-11 09:35:58', '2325', '80', '1666', '82');
INSERT INTO article VALUES ('36', '79', 'Ansel Adams', 'Odio voluptatem a. A occaecati ducimus. Nemo aut autem aliquam dolore et. Optio impedit et ut quidem velit vero.', '3175.00', '2019-07-11 09:35:58', '2103', '96', '840', '84');
INSERT INTO article VALUES ('37', '97', 'Klimt', 'Veniam dolores est et minus sunt nam natus. Ipsam recusandae voluptas vitae voluptas dolores nihil. Eius maxime omnis eos sapiente. Ipsam quo ratione perspiciatis eveniet reprehenderit dolorem deleniti. Rerum aliquam omnis non sed qui porro.', '865.00', '2019-07-11 09:35:58', '34', '89', '1403', '31');
INSERT INTO article VALUES ('38', '14', 'Matisse', 'Eius ut distinctio atque explicabo ab totam vero. Sed et deleniti unde consequatur. Molestiae nihil quo quis et omnis rerum.', '389.00', '2019-07-11 09:35:58', '523', '36', '1195', '26');
INSERT INTO article VALUES ('39', '20', 'Vincent', 'Eos consectetur ducimus et labore. Est aut ipsum quo unde laudantium beatae. Aliquam ea at id facilis ut omnis iusto. Aut quaerat rem.', '1875.00', '2019-07-11 09:35:58', '2294', '48', '146', '70');
INSERT INTO article VALUES ('40', '29', 'Pollock', 'Repellat in nihil voluptatem sed consequuntur debitis. Repudiandae totam est et. In asperiores repellat cum modi exercitationem enim atque. Ea officia assumenda dolores labore et amet.', '3803.00', '2019-07-11 09:35:58', '844', '96', '1621', '41');
INSERT INTO article VALUES ('41', '78', 'Chagall', 'Eveniet ea enim. Et dolorem et. Repellendus vel vero ab cumque ullam.', '122.00', '2019-07-11 09:35:58', '2515', '47', '651', '82');
INSERT INTO article VALUES ('42', '82', 'Michelangelo', 'Consequuntur ad cumque aut iure error. Rerum deleniti praesentium culpa maiores ex. A nisi aut ut autem voluptate. Eum dolorum ut nulla doloribus velit.', '1382.00', '2019-07-11 09:35:58', '609', '12', '2357', '84');
INSERT INTO article VALUES ('43', '34', 'Gauguin', 'Cum nostrum corporis dicta velit. Omnis aut qui repellat ad enim repudiandae perspiciatis. Exercitationem in repudiandae est. Non reiciendis voluptatem dolore esse.', '1161.00', '2019-07-11 09:35:58', '1388', '65', '2232', '86');
INSERT INTO article VALUES ('44', '72', 'Matisse', 'Incidunt soluta libero nisi. In ex inventore quisquam illo rerum. Inventore tempora laborum incidunt enim. Accusantium aut explicabo facere.', '2195.00', '2019-07-11 09:35:58', '470', '19', '2818', '53');
INSERT INTO article VALUES ('45', '53', 'Manet', 'Molestiae nisi nam qui. Fugiat culpa accusamus et autem expedita sit commodi. Et quia beatae blanditiis quibusdam dolorum repudiandae dolore.', '1531.00', '2019-07-11 09:35:58', '2299', '59', '839', '93');
INSERT INTO article VALUES ('46', '58', 'Da Vinci', 'Esse commodi quo. Ratione ex nam corporis reiciendis dolorem. Voluptas quia fugiat voluptas. Et exercitationem excepturi fuga alias deleniti quo. Qui laudantium autem dolorum nobis odio eos tempore.', '237.00', '2019-07-11 09:35:58', '2151', '91', '1189', '61');
INSERT INTO article VALUES ('47', '60', 'Escher', 'Quo odio quas est. Pariatur excepturi consectetur itaque. Vel tenetur animi. Tenetur porro est ut quia sit. Nulla quaerat magnam est.', '1257.00', '2019-07-11 09:35:58', '766', '59', '50', '57');
INSERT INTO article VALUES ('48', '22', 'Klimt', 'Voluptas culpa consectetur expedita eveniet. Et similique fugiat hic nisi aperiam. Sequi hic dicta eum eius. Doloribus quis autem quaerat voluptatibus aut esse.', '2083.00', '2019-07-11 09:35:58', '2880', '92', '226', '10');
INSERT INTO article VALUES ('49', '63', 'Rembrandt', 'Sequi omnis architecto nam. Aut rerum cumque. A quia maiores enim dolor quod. Ut et ipsum necessitatibus saepe. Veniam et quo sit.', '3606.00', '2019-07-11 09:35:58', '1717', '6', '1717', '28');
INSERT INTO article VALUES ('50', '57', 'Caravaggio', 'Enim et numquam culpa temporibus nihil nihil. Dolorum adipisci qui eveniet mollitia qui ipsa. Enim porro consequuntur magnam fugiat. Modi cupiditate nesciunt vitae impedit.', '1186.00', '2019-07-11 09:35:58', '2948', '95', '616', '2');
INSERT INTO article VALUES ('52', '64', 'Winslow Homer', 'Ut magnam animi et inventore reiciendis sunt quos. Aliquam et tempore quos. Consequatur eveniet nihil perferendis. Quia facilis quasi.', '2319.00', '2019-07-11 09:35:58', '173', '41', '2698', '88');
INSERT INTO article VALUES ('53', '77', 'Michelangelo', 'Voluptatem nemo laudantium impedit atque deserunt. Nihil et omnis voluptas neque recusandae consequatur sed. Ipsum porro ipsam exercitationem.', '2027.00', '2019-07-11 09:35:58', '2949', '15', '1914', '35');
INSERT INTO article VALUES ('54', '48', 'Munch', 'Mollitia et sit enim. Temporibus non itaque id voluptatem fugiat sunt. Nihil rem nesciunt omnis. Quo vel est incidunt.', '1243.00', '2019-07-11 09:35:58', '1082', '12', '681', '85');
INSERT INTO article VALUES ('55', '99', 'Rembrandt', 'Doloremque vel adipisci sapiente eveniet ut reiciendis eaque. Quis quasi sapiente. Qui incidunt voluptatem omnis aut est.', '3304.00', '2019-07-11 09:35:58', '2896', '61', '1343', '26');
INSERT INTO article VALUES ('56', '43', 'Magritte', 'Esse a similique nulla excepturi voluptatum impedit. Voluptatibus adipisci consectetur omnis. Nihil esse voluptatibus in distinctio consequuntur. Esse dolor deleniti natus itaque cum cupiditate.', '2452.00', '2019-07-11 09:35:58', '863', '3', '1999', '81');
INSERT INTO article VALUES ('57', '81', 'Cassatt', 'Voluptatem cupiditate est nemo voluptatem et. Dolores culpa deleniti illo ratione expedita. Exercitationem voluptatibus repellat iure. Dicta dignissimos quod nihil ex. Quisquam quam deserunt assumenda facere quia eius distinctio.', '521.00', '2019-07-11 09:35:58', '2115', '60', '1882', '19');
INSERT INTO article VALUES ('58', '66', 'Seurat', 'Sit debitis quas sunt animi maiores. Eaque alias natus eum ea deserunt. Eum magni fugit aut. Explicabo assumenda quidem. Quis qui sit nihil doloremque repellat numquam.', '264.00', '2019-07-11 09:35:58', '305', '51', '462', '25');
INSERT INTO article VALUES ('59', '54', 'Rubens', 'Temporibus temporibus voluptatem voluptatibus. Voluptatum sunt sequi quisquam sed. Qui ut odit consequatur consequuntur. Et cupiditate perspiciatis qui ullam.', '2147.00', '2019-07-11 09:35:58', '908', '78', '2785', '99');
INSERT INTO article VALUES ('60', '35', 'Warhol', 'Quaerat repudiandae velit eligendi magni nostrum exercitationem qui. Minima et rerum et est illum. Accusantium odit dolor sed reiciendis qui odio commodi. Omnis ut quam atque dolor error fuga quam.', '1948.00', '2019-07-11 09:35:58', '914', '37', '1737', '54');
INSERT INTO article VALUES ('61', '42', 'Edward Hopper', 'Saepe est natus. Voluptatum perferendis enim qui cupiditate officiis odit. Magni reiciendis ratione provident. Laboriosam omnis tenetur ut ex est qui.', '2081.00', '2019-07-11 09:35:58', '2940', '74', '152', '62');
INSERT INTO article VALUES ('62', '29', 'Michelangelo', 'Et saepe eum occaecati. Et voluptatem quis quis sit. Debitis molestiae illum sunt qui reiciendis quia. In quo ipsum. Autem necessitatibus magnam.', '1279.00', '2019-07-11 09:35:58', '185', '35', '1389', '55');
INSERT INTO article VALUES ('63', '40', 'Raphael', 'Voluptas dolor iusto voluptate aspernatur ipsa. Ducimus at vitae doloremque repellendus quae. Aspernatur quisquam veritatis quia. Pariatur facilis voluptatem suscipit.', '1098.00', '2019-07-11 09:35:58', '825', '70', '1442', '36');
INSERT INTO article VALUES ('64', '52', 'Paul Klee', 'Debitis inventore et repellat repudiandae. Maiores assumenda sequi qui. Fuga ullam accusantium perspiciatis. Velit veritatis quaerat et. Impedit ducimus sit suscipit omnis facere qui suscipit.', '3641.00', '2019-07-11 09:35:58', '2603', '16', '2109', '20');
INSERT INTO article VALUES ('65', '57', 'Rothko', 'Quisquam eius at et. Sint dolores quo ut perferendis nihil eos voluptas. Ipsam modi est dolorem. Et repellat perspiciatis ut ducimus et molestiae quo. Aliquam ab ullam.', '521.00', '2019-07-11 09:35:58', '867', '60', '994', '27');
INSERT INTO article VALUES ('66', '8', 'Kahlo', 'Ipsam voluptatibus alias cumque. Eos illum quia ea eos tenetur occaecati. Ipsam minima nesciunt optio dignissimos odio velit qui. Quae fugit aperiam possimus. Quidem doloremque illum.', '1200.00', '2019-07-11 09:35:58', '2920', '28', '513', '91');
INSERT INTO article VALUES ('67', '69', 'Warhol', 'Doloribus eos velit quod et. Adipisci nemo dolores dicta soluta. Dignissimos nobis impedit. Ea a sit consequatur quis hic. Aliquam vel fuga perspiciatis et.', '1909.00', '2019-07-11 09:35:58', '363', '87', '2747', '98');
INSERT INTO article VALUES ('68', '67', 'Seurat', 'Minus doloribus ullam reprehenderit ut ipsa ipsum. Et est sit laborum quas ullam. Unde voluptate et fuga molestiae molestias. Eum omnis voluptas est vitae odit molestiae accusamus.', '2853.00', '2019-07-11 09:35:58', '1707', '51', '862', '13');
INSERT INTO article VALUES ('69', '77', 'Picasso', 'Eligendi impedit quidem dignissimos magnam ut itaque. Aperiam laudantium temporibus animi quia qui. Distinctio libero sint.', '1732.00', '2019-07-11 09:35:58', '1646', '98', '181', '70');
INSERT INTO article VALUES ('70', '91', 'Vincent', 'Eum modi enim tempora voluptas non et amet. Quas occaecati magnam ad quia. Sit minus at qui qui facere.', '1954.00', '2019-07-11 09:35:58', '1200', '38', '1467', '23');
INSERT INTO article VALUES ('71', '1', 'Edward Hopper', 'Et esse eveniet sunt est ut voluptates. Animi tempore quod est et voluptas. Est ea molestias et non. Autem ullam numquam. Unde impedit ullam.', '3950.00', '2019-07-11 09:35:58', '1028', '99', '1207', '18');
INSERT INTO article VALUES ('72', '25', 'Ansel Adams', 'Ab quia consectetur. Ducimus excepturi excepturi optio fugit. Ratione voluptate cum nihil est at. Doloremque doloribus at. Sit dolor maxime.', '741.00', '2019-07-11 09:35:58', '239', '10', '2882', '31');
INSERT INTO article VALUES ('73', '83', 'El Greco', 'In reiciendis laboriosam dignissimos non voluptas. Fugiat ipsa ex ut odio nihil aut voluptas. Architecto fugiat quia praesentium sed. Tempora nihil repellat sapiente dolorum dolore. Minus laborum dolore impedit.', '765.00', '2019-07-11 09:35:58', '2926', '69', '1749', '69');
INSERT INTO article VALUES ('74', '79', 'Joan Miro', 'Qui illo porro officiis minus. Non molestias in error quibusdam doloribus quis reiciendis. Est maiores voluptas repudiandae fugiat rerum.', '3934.00', '2019-07-11 09:35:58', '21', '73', '1021', '38');
INSERT INTO article VALUES ('75', '36', 'Rubens', 'Ipsam quidem corporis. Qui ducimus excepturi rem vel officia est at. Tempore rem recusandae.', '3111.00', '2019-07-11 09:35:58', '2319', '1', '2236', '72');
INSERT INTO article VALUES ('76', '83', 'Bernini', 'Et in ut voluptas a laboriosam quis esse. Et maiores dolores saepe. Exercitationem adipisci autem libero reiciendis quisquam nihil eligendi.', '2782.00', '2019-07-11 09:35:58', '1672', '77', '803', '84');
INSERT INTO article VALUES ('77', '21', 'Pissarro', 'Et ducimus dignissimos sit odio qui sed. Praesentium praesentium libero totam quam nulla voluptatem. Quia in necessitatibus ullam praesentium sint ab.', '1453.00', '2019-07-11 09:35:58', '1132', '48', '1525', '90');
INSERT INTO article VALUES ('78', '27', 'Da Vinci', 'Cupiditate placeat excepturi alias rerum. Facere deleniti animi laudantium rerum quia. Quos unde fugiat sed magni a.', '3019.00', '2019-07-11 09:35:58', '745', '10', '2930', '37');
INSERT INTO article VALUES ('79', '84', 'Winslow Homer', 'Et fugiat corporis. Delectus ea quibusdam incidunt alias veniam voluptas. Et iure autem quis minima facilis nobis architecto.', '3133.00', '2019-07-11 09:35:58', '2401', '54', '2554', '30');
INSERT INTO article VALUES ('80', '77', 'Rembrandt', 'Odit aut minima maiores enim veniam laudantium. Occaecati nihil omnis nesciunt pariatur vitae non voluptatum. Eos voluptas soluta laudantium.', '1738.00', '2019-07-11 09:35:58', '1301', '3', '2225', '61');
INSERT INTO article VALUES ('81', '26', 'Klimt', 'Asperiores aliquid impedit. Dolor expedita aspernatur reiciendis. Nisi et error sit velit numquam inventore. Nihil accusamus qui quaerat veritatis sed.', '1339.00', '2019-07-11 09:35:58', '854', '63', '1016', '9');
INSERT INTO article VALUES ('82', '39', 'Diego Rivera', 'Omnis eum voluptatibus exercitationem fuga in adipisci numquam. Quidem pariatur quod. Aut est qui quis ipsum. Corrupti corporis aut omnis neque. Ut odio non.', '874.00', '2019-07-11 09:35:58', '12', '45', '650', '56');
INSERT INTO article VALUES ('83', '85', 'Chagall', 'Nisi quas et excepturi optio tempora eaque. Excepturi perferendis et tenetur repellat molestiae quam. Hic minus laborum rerum vero et tempora harum. Enim et quos qui possimus molestiae. Quaerat voluptas voluptas rerum.', '1768.00', '2019-07-11 09:35:58', '441', '62', '100', '12');
INSERT INTO article VALUES ('84', '8', 'Rembrandt', 'Et velit asperiores ipsa. Iste quis doloribus voluptatem tempore omnis. Tempore molestias autem in repellat quia assumenda. Dolorum omnis natus adipisci.', '1924.00', '2019-07-11 09:35:58', '1873', '25', '1293', '63');
INSERT INTO article VALUES ('85', '67', 'Rubens', 'Minus suscipit quidem. Quaerat minus voluptas. Et ut ratione dolorum temporibus necessitatibus. Qui voluptatibus quo atque provident. Fugiat ut molestiae placeat eos cum.', '1616.00', '2019-07-11 09:35:58', '31', '86', '656', '25');
INSERT INTO article VALUES ('86', '99', 'Cassatt', 'Incidunt ratione itaque nihil beatae voluptatum ex. Totam qui minima. Et ut expedita. Quidem ea laudantium temporibus non.', '2584.00', '2019-07-11 09:35:58', '2484', '56', '1463', '88');
INSERT INTO article VALUES ('87', '48', 'Diego Rivera', 'Animi praesentium dolor. Reiciendis expedita optio nisi. Consequuntur sit dolores aut.', '3373.00', '2019-07-11 09:35:58', '2784', '40', '224', '67');
INSERT INTO article VALUES ('88', '22', 'Seurat', 'Commodi sed id quaerat ad. Voluptatem rerum aut. Voluptatem doloremque maiores ducimus. Consequuntur molestias eum laboriosam id labore eum.', '2521.00', '2019-07-11 09:35:58', '1895', '27', '283', '36');
INSERT INTO article VALUES ('89', '12', 'Rothko', 'Tempora aperiam distinctio quaerat quaerat. Qui doloremque ex tempora animi placeat. Ea occaecati minus occaecati vel est. Sunt accusamus qui soluta saepe.', '583.00', '2019-07-11 09:35:58', '2491', '85', '2409', '11');
INSERT INTO article VALUES ('90', '69', 'Manet', 'Et voluptatibus non doloribus assumenda et. Praesentium sunt non. Sed consequuntur quasi possimus enim.', '3479.00', '2019-07-11 09:35:58', '1098', '93', '903', '88');
INSERT INTO article VALUES ('91', '55', 'Seurat', 'Et beatae et qui labore in. Eius deserunt id omnis. Laboriosam aut cupiditate inventore consectetur distinctio nulla.', '2907.00', '2019-07-11 09:35:58', '1363', '94', '1737', '65');
INSERT INTO article VALUES ('92', '65', 'Vincent', 'Quaerat consequatur aliquam nobis. Sit dicta et deleniti voluptatibus dolore corrupti in. Iusto ea est labore. Non fuga officiis inventore. Pariatur vel est voluptates et sint cumque sit.', '3095.00', '2019-07-11 09:35:58', '319', '73', '899', '5');
INSERT INTO article VALUES ('93', '12', 'Munch', 'Minima dolorem est sed voluptatem numquam facilis. Aperiam est molestiae. Eius explicabo vero asperiores dignissimos. Ad adipisci perferendis repellendus. Unde voluptate rerum velit ut.', '3354.00', '2019-07-11 09:35:58', '2905', '69', '1411', '10');
INSERT INTO article VALUES ('94', '99', 'Donatello', 'Expedita quia necessitatibus dolor voluptatem qui. Ut vero eos dolores id doloremque dolorum labore. Explicabo non ea vitae voluptate maiores exercitationem. Est quam impedit est minima.', '1051.00', '2019-07-11 09:35:58', '1660', '58', '2455', '52');
INSERT INTO article VALUES ('95', '81', 'El Greco', 'Omnis consequatur dolores incidunt quo. Praesentium minus doloremque enim et magnam dolorem. Molestiae est blanditiis vel. Ducimus architecto sit eaque. Iste qui nam libero porro.', '1493.00', '2019-07-11 09:35:58', '1889', '3', '2967', '17');
INSERT INTO article VALUES ('96', '2', 'Winslow Homer', 'Architecto a nulla non numquam non provident in. Velit voluptas vitae quia minima non. Quia corporis quaerat voluptatem. Est voluptatem est alias qui soluta fugiat sed. Qui aut accusamus.', '3306.00', '2019-07-11 09:35:58', '2877', '64', '2102', '43');
INSERT INTO article VALUES ('97', '95', 'Dali', 'Et maiores voluptatum voluptatum aut corporis qui. Fuga ducimus suscipit placeat ea natus sint deserunt. Officia dolore qui eos consequatur velit. Ipsam voluptatem ipsum voluptate eum minus fugiat ut. Facilis eum dolores eos sapiente id et.', '1688.00', '2019-07-11 09:35:58', '1150', '22', '2722', '24');
INSERT INTO article VALUES ('98', '59', 'Durer', 'Tempora aliquam porro voluptatibus perferendis repellendus soluta. Ut temporibus doloribus qui asperiores sint. Veniam maiores sit magnam. Est quod et minus animi velit sapiente. Ut ex et autem.', '3988.00', '2019-07-11 09:35:58', '1522', '81', '1886', '80');
INSERT INTO article VALUES ('99', '4', 'Da Vinci', 'Eveniet excepturi illo voluptas dolore aliquid. Eum cum et neque voluptate. Nihil saepe atque repellat inventore non ab asperiores.', '664.00', '2019-07-11 09:35:58', '885', '63', '1197', '0');
INSERT INTO article VALUES ('100', '89', 'Caravaggio', 'Nam veniam ducimus aliquam officia magnam nemo non. Consequatur rem amet voluptatem omnis. Ipsa suscipit eius ipsa esse at nobis totam.', '2735.00', '2019-07-11 09:35:58', '1222', '83', '1379', '0');

-- ----------------------------
-- Table structure for `comment`
-- ----------------------------
DROP TABLE IF EXISTS `comment`;
CREATE TABLE `comment` (
  `commentId` bigint(20) NOT NULL AUTO_INCREMENT COMMENT '评论的唯一标识id',
  `uid` int(11) DEFAULT NULL COMMENT '外键，发布评论的用户id',
  `articleId` int(11) DEFAULT NULL COMMENT '外键，发布评论的所属文章id',
  `commentTime` datetime DEFAULT NULL COMMENT '评论的发布时间',
  `content` text COMMENT '评论信息',
  `zan` int(11) DEFAULT NULL COMMENT '评论的被赞数',
  `floor` int(11) DEFAULT NULL COMMENT '评论信息所属楼层',
  PRIMARY KEY (`commentId`),
  KEY `FK_ArticleHasComment` (`articleId`),
  KEY `FK_UserPostComment` (`uid`),
  CONSTRAINT `FK_ArticleHasComment` FOREIGN KEY (`articleId`) REFERENCES `article` (`articleId`),
  CONSTRAINT `FK_UserPostComment` FOREIGN KEY (`uid`) REFERENCES `user` (`uid`)
) ENGINE=InnoDB AUTO_INCREMENT=301 DEFAULT CHARSET=utf8;

-- ----------------------------
-- Records of comment
-- ----------------------------
INSERT INTO comment VALUES ('1', '46', '4', '2019-07-11 09:36:05', 'Sit minima veritatis architecto. Amet voluptatibus qui consequatur corrupti et quos in. At tempora sint similique ullam nulla nostrum. Exercitationem commodi veniam repellat quia quas. Inventore dignissimos repellendus perspiciatis qui ut quo.', '36', '0');
INSERT INTO comment VALUES ('2', '64', '100', '2019-07-11 09:36:05', 'Quia voluptatem et. Sed eum enim commodi. Ab beatae iste eum aut reprehenderit.', '174', '0');
INSERT INTO comment VALUES ('3', '100', '89', '2019-07-11 09:36:05', 'Ipsam quo occaecati animi pariatur. Nihil aut nostrum facere voluptatibus sit animi deserunt. Consequatur praesentium ipsa non.', '123', '0');
INSERT INTO comment VALUES ('4', '2', '37', '2019-07-11 09:36:05', 'Nemo voluptas eum velit dolorem. Ea est est rerum quis. Quidem sequi nihil sapiente eligendi veniam atque. Nemo et magni. Deserunt delectus quia dignissimos non.', '84', '0');
INSERT INTO comment VALUES ('5', '20', '48', '2019-07-11 09:36:05', 'Qui amet sint aliquid est. Asperiores rem repellendus. Eos excepturi error placeat debitis consequatur ut soluta. Dicta porro et maxime molestiae maiores. Enim laudantium iure consequatur quos.', '163', '0');
INSERT INTO comment VALUES ('6', '52', '29', '2019-07-11 09:36:05', 'Ea non dolor ab ea eius assumenda. Molestias animi esse voluptate ratione officiis ut dolorum. Ut aut a. Placeat voluptas numquam officiis reiciendis et.', '94', '0');
INSERT INTO comment VALUES ('7', '45', '99', '2019-07-11 09:36:05', 'Perferendis est aliquam itaque natus. Repellendus et ratione sed. Nostrum repudiandae officiis vero id dolorem totam. Quibusdam labore ut accusantium. Suscipit ducimus laudantium.', '76', '0');
INSERT INTO comment VALUES ('8', '56', '26', '2019-07-11 09:36:05', 'Dolorem sed a doloremque et. Ducimus asperiores ducimus voluptas aut dolor quaerat. Consequatur sunt sit necessitatibus explicabo sit cum. Ad velit inventore.', '110', '0');
INSERT INTO comment VALUES ('9', '44', '62', '2019-07-11 09:36:05', 'Dignissimos repellat expedita. Nostrum maxime harum consequatur consectetur dolorem quam et. Non natus voluptas.', '137', '0');
INSERT INTO comment VALUES ('10', '33', '99', '2019-07-11 09:36:05', 'Voluptas vitae et aut suscipit. Non eos sit et ut. At consequatur vel et tempore provident repudiandae. Aut quam esse doloremque. Eius possimus eaque voluptatem.', '179', '0');
INSERT INTO comment VALUES ('11', '69', '29', '2019-07-11 09:36:05', 'Est sit sit rerum. Perferendis eaque corrupti quod dolores et dolore qui. Officia doloremque rem eum.', '13', '0');
INSERT INTO comment VALUES ('12', '24', '34', '2019-07-11 09:36:05', 'Et libero quod. Placeat reprehenderit beatae ipsam explicabo et ut quae. Est in commodi ea ex amet. Qui quis enim veniam repellat est quis autem.', '59', '0');
INSERT INTO comment VALUES ('13', '16', '25', '2019-07-11 09:36:05', 'Corrupti impedit rerum ab fuga. Animi aspernatur repudiandae ad sunt aut quo. Omnis accusamus accusamus est similique.', '118', '0');
INSERT INTO comment VALUES ('14', '53', '77', '2019-07-11 09:36:05', 'Deleniti et aut quis ullam alias aliquid quam. Qui similique aut dolor architecto. Ea in aut ut voluptatum. Dolore repudiandae eaque est iste quia. Accusamus id voluptas voluptas.', '175', '0');
INSERT INTO comment VALUES ('15', '80', '64', '2019-07-11 09:36:05', 'Sunt qui odio qui est aut quibusdam quae. Et dolorem voluptas et ut facere repellendus. Sit non rerum fuga nihil. Dolores nobis totam non. Nostrum sint voluptatem maiores.', '27', '0');
INSERT INTO comment VALUES ('16', '99', '39', '2019-07-11 09:36:05', 'In quis sunt est porro ab molestias. Nam aut id sed assumenda dignissimos quia. Nesciunt ea nesciunt ipsum corporis. Incidunt magnam dolorem quasi aut. Delectus aut sunt aut odio ex.', '37', '0');
INSERT INTO comment VALUES ('17', '28', '14', '2019-07-11 09:36:05', 'Nam ut tempore. Est illum modi deserunt. Impedit quidem dolore doloremque. Voluptas expedita architecto.', '113', '0');
INSERT INTO comment VALUES ('18', '10', '93', '2019-07-11 09:36:05', 'Molestiae nulla omnis. Molestiae natus provident deserunt consequatur nam ipsam cumque. Possimus libero architecto maxime quis corporis qui vero. Blanditiis possimus voluptatem odit voluptate reiciendis laudantium. Non et perferendis repellat.', '135', '0');
INSERT INTO comment VALUES ('19', '42', '33', '2019-07-11 09:36:05', 'Molestias sunt cum ea aut. Quasi similique sunt vel exercitationem minus et recusandae. Sapiente quod dignissimos vel quidem delectus.', '172', '0');
INSERT INTO comment VALUES ('20', '60', '32', '2019-07-11 09:36:05', 'Aspernatur eos ut recusandae quia cupiditate commodi quo. Ut fugiat suscipit qui ut itaque tenetur. Ipsa eos dolorem. Consequuntur est minus ex illum itaque laborum.', '166', '0');
INSERT INTO comment VALUES ('21', '43', '62', '2019-07-11 09:36:05', 'Voluptatem nisi necessitatibus ut laboriosam accusantium voluptatem. Quas itaque iusto qui vel culpa itaque. Suscipit et et optio. A aut fugiat sequi enim aut quia.', '146', '0');
INSERT INTO comment VALUES ('22', '19', '77', '2019-07-11 09:36:05', 'Pariatur esse fuga aut tempora vitae est. Ea nemo nobis mollitia quia ab. Voluptate dolor in vel. Et dignissimos consequatur.', '10', '0');
INSERT INTO comment VALUES ('23', '25', '93', '2019-07-11 09:36:05', 'Qui perspiciatis sint deleniti minus. Sequi odio soluta cupiditate occaecati molestiae nesciunt ullam. Et explicabo tenetur.', '181', '0');
INSERT INTO comment VALUES ('24', '44', '30', '2019-07-11 09:36:05', 'Tempore repudiandae enim. Iure fugit ad quam. Repellat tempora est in minima voluptatem. In distinctio eveniet.', '128', '0');
INSERT INTO comment VALUES ('25', '10', '76', '2019-07-11 09:36:05', 'Minus blanditiis modi eaque. Similique similique ea. Quidem consequuntur vel itaque ea nulla facere. Minus minima est autem et. Quisquam laudantium esse magni maiores rerum suscipit quidem.', '31', '0');
INSERT INTO comment VALUES ('26', '96', '35', '2019-07-11 09:36:05', 'Explicabo maiores temporibus omnis alias sunt. Quo veritatis laudantium et alias inventore rerum. Consequatur qui quam.', '36', '0');
INSERT INTO comment VALUES ('27', '52', '66', '2019-07-11 09:36:05', 'Id dolor odio necessitatibus quia eligendi quia. Magni quia ad omnis consectetur dicta laborum. Unde assumenda qui tempora aut aliquid. Placeat aliquam cum nihil.', '36', '0');
INSERT INTO comment VALUES ('28', '1', '43', '2019-07-11 09:36:05', 'Non et ea excepturi aliquam tempore nulla. Asperiores distinctio nemo et veniam et ab aut. Est laboriosam quam. Totam incidunt voluptatum aut dolor optio quaerat minus. Soluta corrupti aut voluptate.', '134', '0');
INSERT INTO comment VALUES ('29', '83', '24', '2019-07-11 09:36:05', 'Nihil et eligendi odio dolores deserunt maiores ipsa. Eos iusto fuga occaecati. Non ipsa cupiditate voluptas omnis sequi animi. Aut a fuga dolorum est sit laborum.', '107', '0');
INSERT INTO comment VALUES ('30', '75', '37', '2019-07-11 09:36:05', 'Labore labore et quod. In a blanditiis sed totam. Totam quod consequatur laborum corrupti. Voluptatibus dolor quibusdam laborum omnis.', '100', '0');
INSERT INTO comment VALUES ('31', '3', '55', '2019-07-11 09:36:05', 'Nesciunt neque at quas. Ut similique voluptatum maxime provident exercitationem. Repellendus provident qui. Ipsum laboriosam ducimus possimus eos. Eligendi dolorem expedita adipisci ex voluptatem.', '39', '0');
INSERT INTO comment VALUES ('32', '33', '6', '2019-07-11 09:36:05', 'Rerum et quia. In tenetur vel consequatur molestias blanditiis aliquam culpa. Et eaque quis tenetur minus dicta quisquam doloremque. Doloremque voluptatem similique.', '169', '0');
INSERT INTO comment VALUES ('33', '8', '26', '2019-07-11 09:36:05', 'Numquam asperiores eligendi recusandae quibusdam aspernatur. Et quia atque tempora optio velit quasi assumenda. Nisi rerum quisquam tempore eaque. Velit vel id atque similique assumenda et sint.', '87', '0');
INSERT INTO comment VALUES ('34', '61', '40', '2019-07-11 09:36:05', 'Atque qui molestiae cumque aut consequuntur quisquam architecto. Repellendus commodi sit ipsum. Quo minus totam officiis dolores sit voluptatem.', '55', '0');
INSERT INTO comment VALUES ('35', '11', '58', '2019-07-11 09:36:05', 'Ut officiis hic laborum impedit quia. Et et commodi non temporibus et. Similique omnis molestias velit et fugiat. Est sit atque sint facilis velit similique rerum. Quia quis culpa voluptatem laudantium et voluptatem et.', '43', '0');
INSERT INTO comment VALUES ('36', '52', '58', '2019-07-11 09:36:05', 'Sed ducimus et. Consequatur pariatur voluptas aut amet placeat et est. Quis explicabo aut nihil exercitationem. Accusamus eum soluta sit tenetur.', '121', '0');
INSERT INTO comment VALUES ('37', '41', '52', '2019-07-11 09:36:05', 'Quia delectus quae et sit. Hic perspiciatis est. Qui est delectus animi.', '125', '0');
INSERT INTO comment VALUES ('38', '11', '22', '2019-07-11 09:36:05', 'Omnis inventore magni qui incidunt dolore quis in. Rerum rerum hic et inventore soluta. Doloribus exercitationem aperiam eos dolore laudantium non.', '143', '0');
INSERT INTO comment VALUES ('39', '45', '50', '2019-07-11 09:36:05', 'Officia aliquid ex harum non omnis vel est. Tenetur occaecati beatae soluta voluptas ab totam. Impedit modi totam quisquam.', '168', '0');
INSERT INTO comment VALUES ('40', '63', '84', '2019-07-11 09:36:05', 'Quisquam iste ipsa omnis harum alias quia. Nihil ea pariatur consectetur in qui. Debitis vel voluptatem dolorem. Aut amet odio. Neque numquam iure quibusdam quam accusamus ut.', '62', '0');
INSERT INTO comment VALUES ('41', '73', '66', '2019-07-11 09:36:05', 'Debitis quas quia. Est atque unde in. Illo nihil delectus ipsam repellat eos soluta asperiores. Quisquam repellat sed id ipsa provident. Voluptatem quas fuga consequatur natus magni.', '152', '0');
INSERT INTO comment VALUES ('42', '77', '74', '2019-07-11 09:36:05', 'Dolor ducimus omnis eos mollitia sit. Rerum amet quos. Aut nulla eos ut. Sed vel voluptatum exercitationem.', '16', '0');
INSERT INTO comment VALUES ('43', '90', '60', '2019-07-11 09:36:05', 'Voluptates velit quaerat eveniet sit aut et debitis. Quas cupiditate ad aut consequuntur unde aperiam. Ea beatae illum dolor quia omnis quidem. Exercitationem labore repudiandae minima sed est voluptatum vitae. Eos illum voluptatem dolore consectetur.', '191', '0');
INSERT INTO comment VALUES ('44', '89', '28', '2019-07-11 09:36:05', 'Debitis earum pariatur. Assumenda sed ut repellat et iure cum. Possimus impedit corporis eos delectus. Corporis aliquid quod dolore officia aut.', '51', '0');
INSERT INTO comment VALUES ('45', '9', '9', '2019-07-11 09:36:05', 'Necessitatibus deserunt voluptates voluptatem sequi et asperiores sed. Ut quia nisi sunt mollitia odit. Voluptas sit provident cumque. Et aut omnis qui. Quo recusandae libero.', '97', '0');
INSERT INTO comment VALUES ('46', '84', '3', '2019-07-11 09:36:05', 'Quam labore alias tempora voluptatem perspiciatis repudiandae ipsum. Id ut praesentium aut eveniet. Praesentium pariatur et eum eos suscipit qui odio. Ab velit commodi minus iste.', '163', '0');
INSERT INTO comment VALUES ('47', '64', '24', '2019-07-11 09:36:05', 'Et ut qui adipisci et voluptates. Aut cumque tempora. Odio et natus.', '36', '0');
INSERT INTO comment VALUES ('48', '76', '86', '2019-07-11 09:36:05', 'Recusandae voluptatem possimus facilis repudiandae. Ea ut ea nobis qui hic. Quod qui perspiciatis voluptatem. Temporibus maxime ut.', '31', '0');
INSERT INTO comment VALUES ('49', '66', '99', '2019-07-11 09:36:05', 'Dignissimos sit voluptate. Enim omnis reiciendis velit omnis veritatis repudiandae. Fuga at qui voluptatum aperiam nesciunt. Eaque architecto id deserunt molestias suscipit consequuntur id. Voluptates laboriosam sed.', '128', '0');
INSERT INTO comment VALUES ('50', '63', '20', '2019-07-11 09:36:05', 'Eum ut natus ab suscipit libero nostrum. Iste corporis quam totam quia. Molestiae autem doloremque eos modi molestiae.', '173', '0');
INSERT INTO comment VALUES ('51', '53', '16', '2019-07-11 09:36:05', 'Inventore aliquid aut aut dolorem et voluptatem. Non incidunt voluptate. Omnis excepturi sint rerum. Quas consequatur tempore eos porro.', '110', '0');
INSERT INTO comment VALUES ('52', '87', '99', '2019-07-11 09:36:05', 'Corrupti magni sed facilis voluptatem voluptatum labore. Similique qui sunt enim vel excepturi delectus. Voluptas nisi autem incidunt facilis. Corrupti aut earum ipsa dolore ut nostrum. Praesentium illo culpa beatae eos.', '1', '0');
INSERT INTO comment VALUES ('53', '9', '56', '2019-07-11 09:36:05', 'Delectus doloribus amet praesentium pariatur dolores nihil. Aut dolorem qui occaecati suscipit ratione omnis eum. Tempora molestiae inventore.', '68', '0');
INSERT INTO comment VALUES ('54', '83', '45', '2019-07-11 09:36:05', 'Aut libero eligendi ut. Autem aperiam quis fuga quaerat. Rerum vel nihil velit nam distinctio quis et. Dolor ut et iste id.', '91', '0');
INSERT INTO comment VALUES ('55', '59', '98', '2019-07-11 09:36:05', 'Nisi blanditiis ab corporis. Velit nihil voluptate sit dolorem dicta sint. Vel aliquam dicta.', '137', '0');
INSERT INTO comment VALUES ('56', '58', '48', '2019-07-11 09:36:05', 'Dolor et qui reprehenderit. Voluptatibus accusamus fugit sint molestiae laborum quam. Possimus ea labore voluptatem incidunt. Delectus quam cumque. Consequatur molestiae aspernatur quis dolores quia.', '87', '0');
INSERT INTO comment VALUES ('57', '65', '15', '2019-07-11 09:36:05', 'Nemo rerum accusamus voluptatibus odio id. Quae sunt est suscipit non in accusamus. Doloremque quam reprehenderit nam rerum voluptatem aut quis.', '121', '0');
INSERT INTO comment VALUES ('58', '49', '88', '2019-07-11 09:36:05', 'Maxime repellat sit ut. Odio est sed ut consequatur. Doloribus nam quas sit sapiente. Ut ducimus est impedit. Neque quis deserunt voluptatem commodi unde ratione.', '119', '0');
INSERT INTO comment VALUES ('59', '1', '57', '2019-07-11 09:36:05', 'Omnis nostrum quis consectetur quasi. Impedit voluptatibus eos. Doloribus excepturi dolor dolor. Non sed velit commodi veritatis nisi quos sint.', '22', '0');
INSERT INTO comment VALUES ('60', '18', '79', '2019-07-11 09:36:05', 'Ex ut vero reiciendis esse ut. Facere ut et aut. Nisi et debitis commodi non molestiae ea.', '102', '0');
INSERT INTO comment VALUES ('61', '100', '8', '2019-07-11 09:36:05', 'Dolores qui autem. Mollitia suscipit est voluptatem et maxime. Est et sit distinctio.', '156', '0');
INSERT INTO comment VALUES ('62', '34', '44', '2019-07-11 09:36:05', 'Dolorem at laboriosam laboriosam ab cumque ea. Nihil repudiandae nihil sit molestiae nisi enim. Ad aut assumenda ab. Sunt quas asperiores est aspernatur dicta. Alias possimus reiciendis.', '141', '0');
INSERT INTO comment VALUES ('63', '57', '26', '2019-07-11 09:36:05', 'Nulla molestiae asperiores. Suscipit qui ipsam omnis expedita quisquam assumenda. Dicta eos asperiores iste quo veritatis. Inventore voluptas eum autem quo quia corporis unde.', '125', '0');
INSERT INTO comment VALUES ('64', '79', '41', '2019-07-11 09:36:05', 'Reprehenderit ut accusamus ullam et et non. Temporibus qui beatae quod unde doloribus et libero. Dicta sint saepe.', '82', '0');
INSERT INTO comment VALUES ('65', '80', '100', '2019-07-11 09:36:05', 'Quia aut soluta aut ipsa et. Voluptatem sit alias dolor aut ducimus. At id animi quia. Tempora quisquam eaque nihil.', '57', '0');
INSERT INTO comment VALUES ('66', '30', '71', '2019-07-11 09:36:05', 'Deserunt minus est suscipit quasi quisquam. Ut vel qui quo enim. Qui rerum voluptas omnis est molestias. Nisi nostrum sunt odio. Sit minus unde incidunt.', '65', '0');
INSERT INTO comment VALUES ('67', '54', '89', '2019-07-11 09:36:05', 'Veniam officiis dolorem ipsam eius deleniti sed. Fugiat aut architecto illo consectetur sapiente. Fuga porro maxime corrupti aspernatur repellendus sit.', '74', '0');
INSERT INTO comment VALUES ('68', '45', '17', '2019-07-11 09:36:05', 'Eos ullam vero impedit. Possimus officia sit natus qui. Modi dolorem aliquam suscipit dolores saepe non suscipit. Earum est a distinctio ducimus sit vel nesciunt.', '50', '0');
INSERT INTO comment VALUES ('69', '31', '58', '2019-07-11 09:36:05', 'Quos aut quisquam architecto. Maxime mollitia voluptatem voluptates quis unde. Ad iure nihil dolorem aut. A laborum qui voluptatibus molestiae esse quis. Eos corporis ducimus et omnis tempore.', '38', '0');
INSERT INTO comment VALUES ('70', '58', '73', '2019-07-11 09:36:05', 'Recusandae id incidunt corrupti illum. At perspiciatis blanditiis. Repudiandae et reprehenderit voluptas vero aut qui. Nesciunt tempore quos architecto eveniet et expedita. Et totam optio aut ut.', '158', '0');
INSERT INTO comment VALUES ('71', '72', '66', '2019-07-11 09:36:05', 'Ipsa ratione qui natus. Qui pariatur fugit excepturi cum quibusdam. Dignissimos at expedita optio porro nulla ducimus et. Totam ipsa perferendis sint. Quidem rerum minima adipisci voluptas.', '102', '0');
INSERT INTO comment VALUES ('72', '44', '88', '2019-07-11 09:36:05', 'Enim voluptas ad. Dicta sequi similique soluta vero illum minus id. Magnam praesentium nemo eaque quo commodi voluptate.', '118', '0');
INSERT INTO comment VALUES ('73', '66', '24', '2019-07-11 09:36:05', 'Dolor aut consequatur. Impedit rerum magni in voluptatem voluptatem dignissimos. Consequatur illo qui. Repellat possimus ipsam nihil nostrum autem ut.', '149', '0');
INSERT INTO comment VALUES ('74', '73', '11', '2019-07-11 09:36:05', 'Non delectus sunt. Molestiae dolores ex voluptatum omnis iure dolores. Est voluptates dolorem facere velit et voluptatem sed. Nobis voluptatem assumenda molestias possimus at aut ut.', '126', '0');
INSERT INTO comment VALUES ('75', '64', '33', '2019-07-11 09:36:05', 'A aut rem blanditiis qui aut velit. Rem non amet aut vitae praesentium est sint. Tempora praesentium reiciendis voluptate tenetur aut distinctio. Deserunt commodi voluptatem. Voluptas qui et aspernatur suscipit.', '31', '0');
INSERT INTO comment VALUES ('76', '18', '99', '2019-07-11 09:36:05', 'Nostrum unde libero sit qui molestiae ipsam consequatur. Qui repudiandae aperiam facilis quis. Minus accusamus iste tempora molestias autem dolore culpa. Provident quia animi aliquid temporibus nobis sed. Nam rerum minima.', '132', '0');
INSERT INTO comment VALUES ('77', '42', '16', '2019-07-11 09:36:05', 'Repellat dolorem hic dolorum tenetur unde. Ea assumenda necessitatibus id aut qui fuga. Saepe earum nisi repellat eius. Quis ea pariatur molestiae iure.', '57', '0');
INSERT INTO comment VALUES ('78', '34', '75', '2019-07-11 09:36:05', 'Quibusdam maxime nulla. Laboriosam fugit itaque molestias dolor temporibus. Recusandae repellat quibusdam rerum consequuntur error rerum eos. Sit rerum et soluta id voluptates blanditiis. Qui aut corrupti incidunt.', '146', '0');
INSERT INTO comment VALUES ('79', '56', '18', '2019-07-11 09:36:05', 'Qui beatae voluptatem placeat. Quia odit soluta quia illo quasi asperiores. Rem eos at est perferendis.', '10', '0');
INSERT INTO comment VALUES ('80', '13', '88', '2019-07-11 09:36:05', 'Et rem nisi esse aut nostrum ab. Aut quia veniam et sequi modi dignissimos. Et qui fugiat id quisquam deleniti et architecto.', '198', '0');
INSERT INTO comment VALUES ('81', '16', '62', '2019-07-11 09:36:05', 'Nesciunt suscipit quam omnis exercitationem. Dolor nemo vel qui. Quia dicta incidunt laboriosam velit dolorum facilis doloribus. Eum vel expedita eos quia minima nulla labore.', '43', '0');
INSERT INTO comment VALUES ('82', '19', '80', '2019-07-11 09:36:05', 'Assumenda est voluptate quia mollitia. Ipsa dolores qui nesciunt et vel. Ipsum exercitationem ea minima. Totam illum ex laborum amet dolorem.', '5', '0');
INSERT INTO comment VALUES ('83', '6', '40', '2019-07-11 09:36:05', 'Pariatur sit quo minima omnis neque. Quae enim doloribus aperiam ratione ut nesciunt earum. Veritatis tempore est eaque. Sed quis non voluptate voluptatem. Vel necessitatibus est.', '105', '0');
INSERT INTO comment VALUES ('84', '24', '47', '2019-07-11 09:36:05', 'Voluptate a deleniti excepturi explicabo. Sit deserunt vel ex et aperiam. Est ex et iusto porro.', '56', '0');
INSERT INTO comment VALUES ('85', '90', '40', '2019-07-11 09:36:05', 'Magnam aperiam mollitia qui in ullam veniam. Quia explicabo voluptatem maiores omnis cupiditate rem. Necessitatibus commodi cumque praesentium.', '178', '0');
INSERT INTO comment VALUES ('86', '54', '55', '2019-07-11 09:36:05', 'Neque qui qui consectetur corrupti maiores. Quia nam consequatur. Illo nobis hic accusamus sed. Quo ea tempore quas.', '16', '0');
INSERT INTO comment VALUES ('87', '26', '25', '2019-07-11 09:36:05', 'Quia fugit beatae et. Ut et molestiae consequuntur veritatis doloribus quis. Et fugiat est corporis.', '54', '0');
INSERT INTO comment VALUES ('88', '9', '69', '2019-07-11 09:36:05', 'Et iste nesciunt assumenda. Modi quod magnam nihil sed aut. Ut vitae occaecati fugiat. Ea occaecati qui quam cumque et et.', '23', '0');
INSERT INTO comment VALUES ('89', '6', '71', '2019-07-11 09:36:05', 'Omnis et voluptas repudiandae et modi illo. Nam et cum similique quia. Optio nemo et aliquam itaque ipsum sit quo.', '20', '0');
INSERT INTO comment VALUES ('90', '72', '4', '2019-07-11 09:36:05', 'Ut modi dolore at et cumque iure nostrum. Fuga aliquid dolores iste veritatis. Excepturi sit doloremque expedita. Non sit et laudantium.', '61', '0');
INSERT INTO comment VALUES ('91', '84', '46', '2019-07-11 09:36:05', 'Ut praesentium voluptatem voluptate et quo est. Recusandae quos nihil ut quia vitae quaerat sed. Aut eveniet accusantium a neque. Nemo dicta facilis facere laborum neque.', '23', '0');
INSERT INTO comment VALUES ('92', '33', '55', '2019-07-11 09:36:05', 'Vitae voluptas iure. Aliquid quo doloribus culpa aut doloribus veritatis qui. Dolores nesciunt architecto consectetur.', '121', '0');
INSERT INTO comment VALUES ('93', '59', '58', '2019-07-11 09:36:05', 'Et et nihil omnis natus asperiores illum. Et excepturi voluptate eaque eum. Laudantium non debitis aut eos nisi eos.', '155', '0');
INSERT INTO comment VALUES ('94', '82', '43', '2019-07-11 09:36:05', 'Maxime tempora eos soluta cum qui voluptas ut. Aut est ea rem quia. Sed laboriosam et exercitationem et.', '66', '0');
INSERT INTO comment VALUES ('95', '64', '67', '2019-07-11 09:36:05', 'Officiis dolorem ut quas debitis et et et. Magni quis vitae qui. Rerum perspiciatis repellat quisquam numquam consequuntur maxime. Molestiae quae omnis. Magnam pariatur sed harum aut recusandae.', '51', '0');
INSERT INTO comment VALUES ('96', '70', '53', '2019-07-11 09:36:05', 'Et veritatis nobis doloribus vitae suscipit velit. Atque vel est est perspiciatis laudantium. Iusto molestiae quia ex atque vel iure adipisci.', '188', '0');
INSERT INTO comment VALUES ('97', '51', '1', '2019-07-11 09:36:05', 'Sint omnis sint dignissimos in doloribus ipsa odit. Ratione enim dicta dolorum cupiditate. Reiciendis eveniet qui atque non. Provident cupiditate iure odio quidem eaque.', '91', '0');
INSERT INTO comment VALUES ('98', '73', '96', '2019-07-11 09:36:05', 'Doloribus fuga ut qui harum. Et autem quidem accusantium similique quasi sint et. Qui iste aut voluptatum odio animi qui. Unde libero repudiandae dolores sed velit ipsum impedit. Non perferendis libero soluta error.', '165', '0');
INSERT INTO comment VALUES ('99', '71', '59', '2019-07-11 09:36:05', 'Autem autem repudiandae eum quo ipsam eum consequatur. Ab expedita eos sint deleniti voluptatem aut. Totam consequatur repudiandae enim alias voluptate.', '66', '0');
INSERT INTO comment VALUES ('100', '20', '77', '2019-07-11 09:36:05', 'Voluptas neque ad enim enim cum. Reprehenderit et atque consequuntur. Enim dignissimos iusto. Cupiditate labore et.', '129', '0');
INSERT INTO comment VALUES ('101', '48', null, '2019-02-08 19:23:06', 'Debitis dignissimos sint aut. Non dolore et impedit a. Unde numquam aperiam perferendis est. Unde voluptates hic in.', '57', '0');
INSERT INTO comment VALUES ('102', '52', null, '2019-04-10 17:57:03', 'Dolores perspiciatis quas. Quis est est. Amet maiores et. Sint quam sequi aut odit consectetur eveniet.', '62', '0');
INSERT INTO comment VALUES ('103', '40', null, '2019-03-05 07:31:11', 'Aspernatur veniam explicabo omnis autem eius. Cum cum atque sed. Aperiam magni soluta reprehenderit quis earum voluptatem accusamus. Aut tenetur eos maiores ipsum sit.', '28', '0');
INSERT INTO comment VALUES ('104', '85', null, '2018-02-21 11:40:01', 'Itaque qui placeat sequi harum asperiores omnis est. Corrupti in ullam beatae delectus consequatur molestiae ut. Sint quo itaque voluptas tenetur quo consectetur.', '14', '0');
INSERT INTO comment VALUES ('105', '2', null, '2018-10-13 20:18:30', 'Id quia cumque magni vitae aut quibusdam. Dolor tempore earum. Adipisci quae dolorem ut eius qui id neque. Unde repellendus cumque corporis adipisci.', '73', '0');
INSERT INTO comment VALUES ('106', '77', null, '2018-01-22 17:08:24', 'Dolores voluptatem ex qui. Et maxime ratione. Quibusdam sequi consequatur temporibus quia voluptatibus occaecati.', '99', '0');
INSERT INTO comment VALUES ('107', '29', null, '2019-03-20 02:39:35', 'Qui sed est asperiores et reprehenderit. Et voluptatem in ad. Corporis dolorum sint velit et fuga.', '86', '0');
INSERT INTO comment VALUES ('108', '87', null, '2018-04-22 15:05:58', 'Earum ullam blanditiis itaque qui. Consequatur quo aspernatur non adipisci quisquam. Quis nihil sit quae. Accusamus modi perspiciatis vel hic ut deserunt.', '81', '0');
INSERT INTO comment VALUES ('109', '1', null, '2019-01-26 18:00:26', 'Aut occaecati inventore. Reprehenderit molestiae autem sit non deleniti consequatur sint. Sunt dolore est veritatis.', '87', '0');
INSERT INTO comment VALUES ('110', '5', null, '2018-11-10 07:04:12', 'Dicta unde amet et tenetur qui nisi omnis. Culpa qui eaque voluptatibus nisi consectetur qui et. Qui beatae error dolorum rem ipsum aut.', '90', '0');
INSERT INTO comment VALUES ('111', '24', null, '2019-04-12 05:24:10', 'Eaque doloribus quod perspiciatis. Molestiae suscipit voluptates eos dolorem. Ut aut a. Error repellendus vel. Nemo et corrupti iusto numquam.', '23', '0');
INSERT INTO comment VALUES ('112', '74', null, '2018-03-23 17:26:16', 'Aut quibusdam explicabo qui ipsum deserunt ducimus at. Illo id et eos. Totam ad aut repellendus iusto cupiditate.', '37', '0');
INSERT INTO comment VALUES ('113', '76', null, '2018-05-13 02:30:50', 'Nam id quo. Et sed cupiditate et possimus quis. Hic ut quas debitis nobis deleniti. A vel totam facilis sint cum.', '31', '0');
INSERT INTO comment VALUES ('114', '10', null, '2018-12-10 09:44:40', 'Voluptas quia velit voluptas consectetur rerum quis quia. Possimus cumque eius corporis. Animi laboriosam nostrum ut similique repudiandae. Dolor fugit magnam similique dolore. Et laudantium facere.', '34', '0');
INSERT INTO comment VALUES ('115', '99', null, '2018-11-30 15:47:21', 'Deleniti atque voluptatem fugiat mollitia sed vero vel. Quisquam quidem fugiat. Nulla error quasi et eos. Et aut ut vel. Vero recusandae sit commodi similique.', '71', '0');
INSERT INTO comment VALUES ('116', '76', null, '2018-10-22 04:26:39', 'Et iure sint eaque quidem enim debitis. Eum deleniti vero magni maiores est. Corporis quia ipsam est. Dolor doloribus quia ut soluta qui.', '52', '0');
INSERT INTO comment VALUES ('117', '85', null, '2018-07-11 19:18:19', 'Ratione et voluptas maiores ut nisi molestiae voluptate. Veniam a laboriosam quod molestiae quaerat. Praesentium qui non sint ratione. Delectus ipsa et vel.', '97', '0');
INSERT INTO comment VALUES ('118', '63', null, '2018-12-14 07:28:00', 'Eligendi a voluptatem voluptatem quae quisquam porro. Est quia eaque aliquid deserunt cumque architecto. Unde beatae cum voluptas sequi.', '19', '0');
INSERT INTO comment VALUES ('119', '19', null, '2019-02-01 11:04:42', 'Consequuntur quae fugiat aut omnis vel. Repudiandae dolorum veniam aspernatur facere numquam. Et dicta perferendis asperiores.', '71', '0');
INSERT INTO comment VALUES ('120', '87', null, '2018-04-23 15:07:54', 'Unde autem et nam aut deleniti est quam. Aperiam explicabo qui est ad id et odio. Enim aliquid magnam atque recusandae dignissimos suscipit.', '12', '0');
INSERT INTO comment VALUES ('121', '39', null, '2019-04-17 17:43:49', 'Minus et molestiae nobis aspernatur aliquam maiores est. Sequi labore ratione omnis quae atque quis impedit. Ipsum voluptatum non.', '99', '0');
INSERT INTO comment VALUES ('122', '97', null, '2018-05-11 01:55:05', 'Deserunt esse dolor natus ducimus et eum et. Tenetur delectus ducimus similique amet dolorum ipsam alias. In non laboriosam suscipit qui enim corrupti et. Necessitatibus laboriosam eius possimus quibusdam et aspernatur quia. Qui deleniti illum necessitatibus voluptatibus itaque.', '32', '0');
INSERT INTO comment VALUES ('123', '88', null, '2018-02-14 23:52:40', 'Nobis soluta deleniti aperiam qui. Accusantium nemo aliquam sit nostrum voluptatum vel id. Distinctio qui sit rerum alias. Exercitationem voluptas occaecati earum eius quia consequatur ratione. Illo eos voluptatem autem.', '4', '0');
INSERT INTO comment VALUES ('124', '37', null, '2019-04-15 16:44:03', 'Eum maxime quasi et eius odit nesciunt sed. Distinctio sit aliquid vitae illum consequatur aut rerum. Voluptates dolorum recusandae maxime qui quos itaque. Eligendi et odio et magnam non. Voluptas nihil mollitia ut earum aut.', '51', '0');
INSERT INTO comment VALUES ('125', '61', null, '2018-04-16 16:46:38', 'Sunt maxime aut consequatur aut deserunt. Quisquam aut reprehenderit magni nostrum id. Rerum cum animi voluptatum aperiam ut. Animi a tenetur ut velit.', '86', '0');
INSERT INTO comment VALUES ('126', '43', null, '2018-02-21 18:49:56', 'Earum qui dolorum dicta omnis libero labore velit. Rerum blanditiis occaecati sapiente nobis ab. Atque et deleniti eaque cupiditate quod.', '24', '0');
INSERT INTO comment VALUES ('127', '40', null, '2019-01-07 13:37:42', 'Similique odio facilis dolorum. Sequi sint consequatur. Perspiciatis quia similique deleniti doloremque ut itaque molestias.', '42', '0');
INSERT INTO comment VALUES ('128', '83', null, '2018-01-08 23:16:50', 'Officiis ut quia est omnis et recusandae. Velit et rerum dolor error tenetur reiciendis. Adipisci reprehenderit soluta est fuga.', '58', '0');
INSERT INTO comment VALUES ('129', '100', null, '2018-12-21 09:21:02', 'Sit ad sequi corrupti qui. Soluta qui quia nesciunt mollitia explicabo minus ex. Unde aut deleniti error cum odit veniam id. Tenetur quidem magnam consequuntur fugit dolor nesciunt distinctio.', '19', '0');
INSERT INTO comment VALUES ('130', '84', null, '2019-06-21 23:38:02', 'Quaerat ratione temporibus. Beatae aliquid modi sunt aut quos aut excepturi. Fugiat officiis laudantium incidunt omnis quidem aut adipisci.', '29', '0');
INSERT INTO comment VALUES ('131', '68', null, '2018-12-19 02:05:11', 'Laborum voluptates eaque nihil autem assumenda impedit. Hic voluptatum dolore nihil. Sit nihil et accusamus tempore voluptatem amet. Nesciunt et laboriosam excepturi facilis sunt ea consequatur. Id qui dolor ipsum molestiae.', '85', '0');
INSERT INTO comment VALUES ('132', '92', null, '2018-09-13 12:31:49', 'Aut repudiandae numquam reprehenderit. Vitae similique beatae aut nostrum illo. Libero et fugit repellat harum. Est fugiat occaecati nesciunt. Officia beatae ipsum voluptates sunt.', '90', '0');
INSERT INTO comment VALUES ('133', '61', null, '2018-04-10 06:32:34', 'Quos blanditiis exercitationem in similique. Quia quod ex aut veritatis quia. Qui et ullam dolore ab qui. Modi minima fuga amet. Laudantium qui vel consequatur commodi harum.', '58', '0');
INSERT INTO comment VALUES ('134', '14', null, '2018-03-27 20:34:16', 'Ex nulla aperiam expedita sequi. Debitis impedit qui. Iusto et repellendus. Eveniet ut pariatur non voluptatum est voluptatem minus. Autem maiores neque eveniet eos nobis.', '1', '0');
INSERT INTO comment VALUES ('135', '54', null, '2019-04-01 04:29:09', 'Dolor et dolor hic et sint animi sint. Veniam nostrum consequuntur amet illo consequatur. Libero quo amet debitis qui repudiandae quam sequi. Consequatur sed nisi.', '95', '0');
INSERT INTO comment VALUES ('136', '23', null, '2019-06-26 13:57:17', 'Odio dolor occaecati. Maxime veniam ratione exercitationem alias. Et maxime similique eligendi hic assumenda. Quam qui veritatis atque quibusdam veritatis beatae tempore.', '67', '0');
INSERT INTO comment VALUES ('137', '69', null, '2018-04-09 09:09:49', 'Unde repellendus laborum exercitationem eos. Et eveniet reprehenderit iure quis consequatur nulla. Molestiae blanditiis ut eos. Doloremque sed assumenda eum veritatis.', '78', '0');
INSERT INTO comment VALUES ('138', '13', null, '2018-09-07 04:32:39', 'Vero accusamus itaque nemo ut culpa. Aspernatur maxime consequuntur dicta molestias in a dolore. Facere ut facilis provident aspernatur excepturi at fugit. Aperiam inventore totam praesentium repudiandae et.', '6', '0');
INSERT INTO comment VALUES ('139', '83', null, '2019-02-03 18:37:06', 'Quia voluptas a sapiente delectus dolorem labore. Totam autem ut libero. Perspiciatis voluptatibus atque dolor. Molestiae cupiditate enim quia placeat est distinctio. Doloremque voluptatibus et ipsum sed vel nesciunt quas.', '48', '0');
INSERT INTO comment VALUES ('140', '65', null, '2019-03-24 23:51:46', 'Et architecto labore occaecati id dicta ut sint. Est est fugiat voluptatem nam aut eaque. Id at libero voluptatem. Eligendi consequatur esse aspernatur. Facere et atque facilis est.', '29', '0');
INSERT INTO comment VALUES ('141', '87', null, '2018-03-15 05:05:50', 'Non animi et qui quia quisquam aut ut. Temporibus enim quis iusto ipsa aut et et. Voluptatibus alias rerum mollitia mollitia molestias voluptatibus cum. Repellat aut aut enim sunt.', '69', '0');
INSERT INTO comment VALUES ('142', '96', null, '2018-05-14 09:00:46', 'Natus sed veniam. Recusandae dolore porro ex voluptates impedit. Quibusdam non sed voluptas itaque.', '65', '0');
INSERT INTO comment VALUES ('143', '34', null, '2019-03-01 22:05:58', 'Id aut incidunt quod error voluptatem eligendi. Sit laborum voluptates voluptatem. Corporis neque nihil enim vero ut nam sed. Esse et alias. Molestiae suscipit placeat fugiat nisi voluptates.', '89', '0');
INSERT INTO comment VALUES ('144', '44', null, '2019-06-29 08:41:56', 'Dolor tempore et quibusdam necessitatibus. Animi ullam voluptatibus. Qui iusto et nesciunt sed nisi illum similique. Tempora magni unde doloribus atque commodi autem cumque.', '10', '0');
INSERT INTO comment VALUES ('145', '59', null, '2019-06-27 07:51:12', 'Magnam architecto possimus sunt voluptatum tempore voluptas et. Ex saepe quia dolor officiis quia. Nihil et repellendus repudiandae illo recusandae atque exercitationem. Suscipit non repellendus quia eum harum voluptate.', '53', '0');
INSERT INTO comment VALUES ('146', '48', null, '2019-04-04 13:01:23', 'Eum dignissimos natus reiciendis accusantium doloribus voluptatem. Et quo possimus corporis dicta officia quisquam. Qui qui voluptatum omnis est deserunt molestiae.', '2', '0');
INSERT INTO comment VALUES ('147', '6', null, '2018-02-18 13:39:28', 'Aut assumenda voluptatem velit harum. Dolores animi aut et et. Expedita maxime veritatis possimus. Aliquid quis vel quasi nostrum.', '88', '0');
INSERT INTO comment VALUES ('148', '58', null, '2018-12-07 23:57:37', 'Suscipit architecto nulla sunt vero quis praesentium. Eius dolor dolorem animi. Molestiae magni numquam dolores neque minima quo voluptas. Perspiciatis rem nesciunt consequatur quibusdam asperiores et earum.', '25', '0');
INSERT INTO comment VALUES ('149', '70', null, '2019-03-27 09:58:26', 'Libero nulla soluta amet nemo accusamus. Dolore velit culpa natus vitae. Nihil provident a provident ad consequatur aut adipisci.', '50', '0');
INSERT INTO comment VALUES ('150', '10', null, '2019-02-15 23:35:00', 'Soluta maxime sit. Ab voluptatem nemo molestiae. Dolore est veritatis. Sunt a aperiam. Eligendi atque unde ullam.', '58', '0');
INSERT INTO comment VALUES ('151', '93', null, '2018-10-01 17:18:37', 'Consequuntur aspernatur ea quibusdam officia quia ut nemo. Voluptatum debitis magni in numquam harum et. Est deleniti rem dolore. Ipsum laboriosam nemo aut accusamus atque enim quaerat.', '72', '0');
INSERT INTO comment VALUES ('152', '30', null, '2018-11-21 04:06:00', 'Dicta aut explicabo. Omnis fugiat voluptatem earum ducimus saepe nobis. Distinctio perferendis ex enim laboriosam consectetur. Quia consequatur sed.', '80', '0');
INSERT INTO comment VALUES ('153', '52', null, '2019-05-29 04:45:00', 'Tempora et ut neque explicabo accusantium. Voluptas voluptatum inventore accusantium saepe deserunt. Assumenda qui fugit. Iste voluptatem eum est non esse voluptas et.', '48', '0');
INSERT INTO comment VALUES ('154', '36', null, '2019-01-14 04:16:09', 'Ut in nulla qui perferendis minus ex. Qui nemo quia consequatur eveniet enim molestias. Dolorem at est. Sed quis cum suscipit eos porro omnis earum. Et delectus excepturi.', '14', '0');
INSERT INTO comment VALUES ('155', '44', null, '2018-06-12 08:51:07', 'Assumenda sequi autem qui consequatur ea. Et laboriosam rerum consequuntur ut quia. Quasi amet sint culpa doloremque. Molestias quia et.', '42', '0');
INSERT INTO comment VALUES ('156', '100', null, '2018-08-15 12:12:26', 'Dolorum sed quia soluta qui eum delectus. Et omnis velit. Doloribus illo velit autem et ex quos eos. Vel amet aut ut dolores nisi recusandae.', '93', '0');
INSERT INTO comment VALUES ('157', '39', null, '2018-01-01 19:00:30', 'Similique aspernatur voluptatem tenetur inventore magnam. Qui assumenda nobis. Magni quaerat quasi at ipsa reiciendis repellat. Sint eaque maxime. Amet magni neque doloribus nemo ut sit ex.', '63', '0');
INSERT INTO comment VALUES ('158', '38', null, '2018-01-11 21:08:01', 'Aut rem et deleniti enim. Aliquid optio animi repellat aliquid. Eveniet et in sequi. Minima et libero expedita et.', '88', '0');
INSERT INTO comment VALUES ('159', '100', null, '2018-09-26 18:07:03', 'Sunt eligendi harum. Vel beatae expedita totam. Dolor quibusdam dolorem dolor.', '26', '0');
INSERT INTO comment VALUES ('160', '91', null, '2018-07-21 21:10:46', 'Soluta dolore voluptatum repudiandae. Est laboriosam debitis velit assumenda repellendus. Est nesciunt ipsam voluptatibus quis eius magnam.', '75', '0');
INSERT INTO comment VALUES ('161', '4', null, '2019-02-17 22:31:17', 'Nam quia sit voluptatem dolores perferendis illum. Eum vitae qui enim voluptate. Quaerat quibusdam labore quo sed mollitia. Optio distinctio nostrum et corrupti harum nesciunt.', '66', '0');
INSERT INTO comment VALUES ('162', '32', null, '2018-01-18 22:39:00', 'Tempore dolorum qui error corporis libero qui. Illo nobis aut. Rerum quia in voluptatem rerum hic. Placeat rerum recusandae. Veritatis quod tempore magnam laboriosam vel nesciunt.', '25', '0');
INSERT INTO comment VALUES ('163', '71', null, '2018-10-04 08:02:04', 'Nostrum odio tenetur laborum sunt. Reprehenderit molestias earum laudantium dignissimos reprehenderit. Dolorum aliquid est. Iste voluptatem rem fugiat ut non.', '26', '0');
INSERT INTO comment VALUES ('164', '66', null, '2018-06-22 14:31:01', 'Omnis aut at. Rerum possimus adipisci. Eos dolorum velit et. Ea adipisci non. Fuga assumenda quo delectus.', '90', '0');
INSERT INTO comment VALUES ('165', '98', null, '2019-05-26 19:52:53', 'Ex excepturi quod sed. Maiores non voluptatem. Nihil veniam dolor enim debitis impedit enim tempore. Minus voluptatum doloremque dolorum aperiam iure.', '78', '0');
INSERT INTO comment VALUES ('166', '45', null, '2018-05-14 21:36:02', 'Eaque qui qui. Perspiciatis neque qui provident. Pariatur veritatis maiores qui aut ut fugit ut.', '27', '0');
INSERT INTO comment VALUES ('167', '67', null, '2018-04-20 04:31:37', 'Animi laudantium voluptatibus quibusdam aut. Vel voluptatem est. Est temporibus harum quia voluptas. Voluptate autem qui tempora sunt. Omnis rerum quaerat optio doloremque veritatis suscipit debitis.', '45', '0');
INSERT INTO comment VALUES ('168', '92', null, '2018-03-11 08:47:50', 'Nulla a deserunt. Est sunt sint ea maiores alias est et. At natus qui ipsam molestiae.', '4', '0');
INSERT INTO comment VALUES ('169', '91', null, '2018-11-03 04:29:42', 'Explicabo et voluptates veritatis quia eum eligendi. Eum et eligendi consequatur cum. Deserunt et repellat saepe molestiae et. Id nesciunt quidem qui.', '16', '0');
INSERT INTO comment VALUES ('170', '55', null, '2018-11-23 15:28:59', 'Dolore labore aut. Est libero aut dolor. Pariatur nesciunt aut provident molestiae cupiditate sit. Officia perspiciatis sit.', '70', '0');
INSERT INTO comment VALUES ('171', '46', null, '2019-01-23 13:52:20', 'Voluptatem ipsum officiis repellendus est. Vitae quaerat tempore ad aut distinctio ad consequatur. Velit sed laborum. Et eveniet veniam quidem aliquam amet ipsa qui.', '77', '0');
INSERT INTO comment VALUES ('172', '24', null, '2019-05-22 23:18:40', 'Aut qui hic eius veritatis mollitia. Tempore fugiat quae. Consequuntur est quo. Et alias ut possimus consequatur consequatur. Quisquam quia autem iure alias.', '25', '0');
INSERT INTO comment VALUES ('173', '7', null, '2018-07-16 17:38:06', 'Ad voluptas modi earum harum quidem impedit blanditiis. Sint ipsam dolorem repellendus aut dicta minima. Esse odit enim et magnam. Dolorem ullam hic. Impedit ut cupiditate error rerum corrupti sunt aliquid.', '80', '0');
INSERT INTO comment VALUES ('174', '37', null, '2018-07-23 00:11:56', 'Et est commodi ullam nulla asperiores tempora et. Consequatur minima adipisci et. Adipisci libero nisi incidunt. Ipsam aut et provident in explicabo odit. Facere voluptas nam rerum.', '32', '0');
INSERT INTO comment VALUES ('175', '85', null, '2018-05-17 20:10:14', 'Nam quam voluptas qui dolor. Harum aut est veniam voluptatem sit ut. Et labore sapiente id qui dolorem. Asperiores tempore omnis accusantium dolorum.', '17', '0');
INSERT INTO comment VALUES ('176', '40', null, '2018-01-06 15:15:09', 'Qui aut soluta qui. Illum quia ut doloremque. Optio ipsam vel eos repellendus fuga.', '80', '0');
INSERT INTO comment VALUES ('177', '70', null, '2018-05-19 04:17:26', 'Sed qui quia nam autem doloremque est accusantium. Deserunt voluptatibus sit tenetur. Quidem quo voluptatum neque saepe. Alias voluptas eveniet voluptatem blanditiis est quaerat velit. Modi omnis nihil asperiores sed.', '74', '0');
INSERT INTO comment VALUES ('178', '42', null, '2018-08-14 11:25:56', 'Corporis at dolores. Nobis aspernatur dignissimos aperiam laudantium. Odio neque et quos debitis.', '15', '0');
INSERT INTO comment VALUES ('179', '80', null, '2018-02-11 21:07:26', 'Et quae maxime assumenda. Consequatur consequatur minima qui veniam quia ut. Qui doloremque est quae facere occaecati. Cum dolore nemo porro porro. Corporis accusamus ut qui laboriosam nisi suscipit accusantium.', '21', '0');
INSERT INTO comment VALUES ('180', '61', null, '2018-10-16 09:17:29', 'Dolor atque consequatur. Ipsum qui qui repellendus soluta cum consequatur. Suscipit natus dolore accusantium aut et voluptatibus. Eveniet impedit laboriosam numquam omnis ipsam.', '52', '0');
INSERT INTO comment VALUES ('181', '19', null, '2019-04-30 11:51:04', 'Aut alias dolore non et natus. Est natus vitae tempora. Quod laborum minima.', '70', '0');
INSERT INTO comment VALUES ('182', '54', null, '2018-04-10 21:19:34', 'Et tempore sit velit voluptates. Ut qui eveniet accusamus error. Inventore expedita quo aut sequi accusamus. Facilis voluptatibus rem et voluptatem eligendi et.', '80', '0');
INSERT INTO comment VALUES ('183', '43', null, '2018-02-16 03:22:33', 'Nostrum molestiae vitae atque nam voluptatem. Et corrupti debitis et distinctio nisi aut. Qui ex quia quia non delectus.', '14', '0');
INSERT INTO comment VALUES ('184', '77', null, '2019-05-01 22:16:13', 'Voluptatibus et aliquam velit ut et sit corrupti. In quod aut repellat totam quae ut dolorem. Sunt consequatur dolores quis.', '92', '0');
INSERT INTO comment VALUES ('185', '41', null, '2018-01-21 09:27:40', 'Enim eligendi consequatur consequatur omnis sit nobis consequatur. Nesciunt suscipit odit consequatur perspiciatis voluptatem. Sed totam voluptatem rerum doloribus eum soluta. Possimus omnis voluptatem delectus sed eos voluptatem possimus. Molestias inventore qui qui est.', '49', '0');
INSERT INTO comment VALUES ('186', '14', null, '2018-01-22 12:43:00', 'Voluptatibus voluptatum sapiente non reprehenderit dolorum esse qui. Aut maxime sapiente molestiae. Beatae officiis quos officiis molestiae.', '93', '0');
INSERT INTO comment VALUES ('187', '53', null, '2018-03-08 03:11:59', 'Sit iusto dolor. Pariatur ab quam molestiae. Non qui vel. Possimus maxime molestias sed. Molestiae illum non reprehenderit sit et qui repudiandae.', '70', '0');
INSERT INTO comment VALUES ('188', '8', null, '2018-01-14 05:11:17', 'Iste quis rem nemo est aut. Quaerat repellendus aspernatur vel quis at quos qui. Nisi inventore et laboriosam.', '72', '0');
INSERT INTO comment VALUES ('189', '35', null, '2018-05-19 15:10:18', 'Cum ut sint molestias quo. Nesciunt vel omnis. Iste laborum voluptatem dolor aut.', '98', '0');
INSERT INTO comment VALUES ('190', '74', null, '2018-03-05 17:22:01', 'Occaecati voluptatem iste molestias et maxime. Amet laborum et cupiditate natus eos eum. Id fugiat ex suscipit. Sit aut soluta. Rem perferendis cum nobis ab at qui magnam.', '49', '0');
INSERT INTO comment VALUES ('191', '69', null, '2019-05-20 08:23:08', 'Quos dolor rerum. Consequatur quidem qui consequatur. Qui voluptatem aut eum harum ut rerum in.', '19', '0');
INSERT INTO comment VALUES ('192', '58', null, '2018-11-05 23:33:46', 'Doloremque quisquam eligendi laboriosam id. Sed molestias occaecati aut in. Facilis qui reprehenderit quia voluptas omnis molestiae esse.', '32', '0');
INSERT INTO comment VALUES ('193', '60', null, '2018-10-24 00:49:12', 'Illo dolor sequi qui. Aut exercitationem commodi accusamus vel nostrum et sit. Dolorem voluptates aut nostrum.', '6', '0');
INSERT INTO comment VALUES ('194', '35', null, '2018-03-20 18:18:39', 'Officia aut et et minima. Cum temporibus et rerum id. Similique aliquid reprehenderit necessitatibus cumque totam est dignissimos. Esse quam sunt.', '3', '0');
INSERT INTO comment VALUES ('195', '30', null, '2019-02-17 16:42:26', 'Qui sed accusamus. Nisi aut qui accusamus suscipit necessitatibus laudantium omnis. Et nihil reiciendis officia.', '8', '0');
INSERT INTO comment VALUES ('196', '33', null, '2018-07-18 09:40:43', 'Dolorem corrupti cupiditate eaque quos molestiae. Eos fugit sit quis assumenda aut quia. Molestiae laborum omnis. Doloremque dignissimos repellendus minima dolorum rem sapiente aut.', '2', '0');
INSERT INTO comment VALUES ('197', '49', null, '2019-06-29 00:51:25', 'Culpa pariatur quia aliquid sunt qui. Veritatis recusandae velit libero voluptatem quisquam voluptas. Et nihil ab aut.', '21', '0');
INSERT INTO comment VALUES ('198', '85', null, '2018-10-29 19:35:18', 'Sit fuga fuga aut vero quia eum. Ratione facilis nisi omnis accusantium est. Est autem est magnam molestiae sed. Deleniti officia rerum quisquam porro. Nesciunt aut impedit.', '58', '0');
INSERT INTO comment VALUES ('199', '14', null, '2018-05-06 11:24:18', 'Consequuntur quas eaque qui error fuga molestiae eligendi. Et et et dolorem officia ut omnis saepe. Voluptate fugit alias tempora qui inventore minus iusto. Qui tempore sapiente libero eos officiis placeat vel.', '88', '0');
INSERT INTO comment VALUES ('200', '11', null, '2018-11-29 06:09:01', 'Aspernatur aperiam assumenda rem soluta minus autem. Tempora vitae nihil qui provident. Ea et amet quia saepe quisquam. In a nulla repellendus cumque a.', '7', '0');
INSERT INTO comment VALUES ('201', '55', null, '2018-09-22 09:07:01', 'Exercitationem ab quidem est qui consequuntur minus. Rerum molestiae exercitationem illum aspernatur autem. Aut unde ea sit in ex itaque. Vero quas libero est aut nihil itaque est. Eum officiis ut architecto.', '30', '0');
INSERT INTO comment VALUES ('202', '94', null, '2018-07-10 14:27:19', 'Harum quae nulla eius. Rerum consequatur vitae fugiat voluptas impedit. Id itaque vero sed consequuntur omnis quae quis. Iusto quasi non eaque.', '14', '0');
INSERT INTO comment VALUES ('203', '26', null, '2018-01-02 17:50:29', 'Asperiores corporis fugiat. Cupiditate id nulla laborum temporibus architecto. Qui delectus quis quis aut ad et cupiditate. Quis et saepe.', '30', '0');
INSERT INTO comment VALUES ('204', '36', null, '2019-06-10 16:47:01', 'Quod corrupti nihil eaque voluptas dolor. Blanditiis ea voluptatem voluptatem provident. Ut nemo et. Iure quidem aut eaque ut eveniet illo.', '54', '0');
INSERT INTO comment VALUES ('205', '43', null, '2018-08-15 09:08:13', 'Cum blanditiis sed unde aut qui illo. Facilis sapiente quod. Qui iste ipsam sunt voluptatem reiciendis est nostrum. In sunt aliquam laudantium quasi occaecati quia. Perspiciatis amet tenetur esse.', '76', '0');
INSERT INTO comment VALUES ('206', '20', null, '2019-02-18 00:16:50', 'Nam delectus dolor. Est voluptas voluptas dolores temporibus. Et fugiat minima sint doloribus itaque voluptatem. Fugiat magnam accusamus sed.', '53', '0');
INSERT INTO comment VALUES ('207', '67', null, '2018-10-21 12:58:27', 'Et voluptas error ut dolores. Et praesentium eum. Eaque ut itaque provident sunt.', '51', '0');
INSERT INTO comment VALUES ('208', '70', null, '2018-09-25 13:58:39', 'Vel architecto voluptas qui vel architecto quo aperiam. Eaque in ullam. Dolorem inventore dicta cupiditate repudiandae non modi iste. Totam aut modi quod voluptatibus tenetur. Inventore vel alias molestiae sit illo.', '50', '0');
INSERT INTO comment VALUES ('209', '55', null, '2018-06-21 21:06:13', 'Eaque nam quod in. Ut tempore ea. Veniam sunt tempora nostrum unde aliquam aut. Voluptatem in ut odio.', '56', '0');
INSERT INTO comment VALUES ('210', '52', null, '2018-01-18 23:19:06', 'Minus molestiae quod architecto necessitatibus rerum. Rerum explicabo quia molestiae. Doloribus non laboriosam dicta ducimus beatae odio. Odit ex iusto dolores.', '35', '0');
INSERT INTO comment VALUES ('211', '18', null, '2018-04-27 21:42:37', 'Est quae a aliquam ullam non minima odio. Et nisi voluptatibus perspiciatis et voluptatem. Voluptas quisquam dolore ad. Alias doloribus maiores tempora veniam. Corporis autem nobis.', '63', '0');
INSERT INTO comment VALUES ('212', '52', null, '2018-08-08 08:09:06', 'Repellendus id perferendis est ratione id est. Ut deserunt praesentium dolorem deserunt qui. Exercitationem optio aut quos assumenda consequatur. Nisi commodi eaque amet fugiat alias aut voluptas. Quisquam voluptatem laboriosam est quia.', '17', '0');
INSERT INTO comment VALUES ('213', '12', null, '2018-04-13 00:37:24', 'Quia aut consequatur. Impedit veritatis quidem. Eius et dolorem. Quisquam et dolor. Voluptas et quis.', '88', '0');
INSERT INTO comment VALUES ('214', '13', null, '2018-06-03 22:48:37', 'Laboriosam doloremque consectetur ut corporis. Quibusdam qui vitae ab deleniti et temporibus et. Animi id dicta. Et voluptate aut sit maiores in.', '38', '0');
INSERT INTO comment VALUES ('215', '96', null, '2019-01-24 06:17:15', 'Quia ut voluptatem porro corrupti autem qui quaerat. Beatae aut eum voluptatem est itaque. Quia neque illo voluptas ipsa. Aut ad voluptatibus nisi aut cupiditate non.', '44', '0');
INSERT INTO comment VALUES ('216', '100', null, '2018-07-23 08:24:44', 'Consequatur dolore occaecati ut non nostrum voluptate. Aliquid corrupti culpa sed distinctio officiis. Reiciendis impedit laudantium soluta quia quia eaque omnis. Harum sit et asperiores mollitia dolorem nisi nisi.', '57', '0');
INSERT INTO comment VALUES ('217', '18', null, '2018-10-15 00:19:06', 'Eveniet quia eius a quia quidem praesentium. Cumque consequuntur ipsa ea est ut adipisci impedit. Dolores ut molestiae quisquam recusandae ad.', '34', '0');
INSERT INTO comment VALUES ('218', '77', null, '2019-02-22 06:47:15', 'Quos pariatur numquam et. Quisquam molestias qui. Est voluptatem sit voluptate.', '53', '0');
INSERT INTO comment VALUES ('219', '95', null, '2018-03-23 18:44:12', 'Quod asperiores corporis blanditiis odit nisi ut molestias. Dolorum maiores at qui. Quam dolorem nulla et. Corporis qui accusantium delectus deleniti doloremque doloribus accusantium. Commodi quidem omnis aperiam alias.', '3', '0');
INSERT INTO comment VALUES ('220', '35', null, '2018-02-10 05:03:27', 'Provident possimus distinctio facilis corporis ullam. Accusantium quod placeat. Ullam sed et autem repellat aut blanditiis voluptatibus.', '84', '0');
INSERT INTO comment VALUES ('221', '68', null, '2018-06-12 12:59:04', 'Occaecati aut nihil sit blanditiis veniam. Sed amet beatae hic. Dolore et ut aliquid excepturi sapiente ratione. Eum odio amet in.', '76', '0');
INSERT INTO comment VALUES ('222', '63', null, '2018-06-04 14:47:30', 'Sunt consequatur dolores sit fuga voluptate ut aut. Ut dicta nemo nostrum illum. Quia ea rerum distinctio.', '14', '0');
INSERT INTO comment VALUES ('223', '63', null, '2018-09-10 11:21:09', 'Ullam qui corrupti ab libero ullam sed qui. Explicabo autem nisi occaecati. Iusto autem placeat voluptatum asperiores eos. Alias vero quo incidunt numquam quos ipsa enim. Et repellat itaque eaque veritatis et.', '15', '0');
INSERT INTO comment VALUES ('224', '10', null, '2018-08-26 05:30:19', 'Dolores veniam nemo nostrum voluptatum et. Nihil tempora qui aperiam. Nobis quod veniam.', '31', '0');
INSERT INTO comment VALUES ('225', '94', null, '2018-12-21 16:01:40', 'Praesentium dignissimos doloribus voluptatum molestias aut ab qui. Repellendus quia aut. Non quis non sunt quia error. Id et voluptatem. Quibusdam aliquam et dicta autem.', '94', '0');
INSERT INTO comment VALUES ('226', '26', null, '2018-02-11 13:29:38', 'Neque at amet quia aut. Fuga quidem voluptatibus ipsa pariatur odit quam amet. Dolor inventore molestiae sit eius quibusdam. Enim et tempora quas. Doloremque ipsum officia quis sint magni neque omnis.', '31', '0');
INSERT INTO comment VALUES ('227', '54', null, '2019-05-06 16:55:52', 'Sint ab et hic veritatis laudantium. Facere ullam repudiandae deleniti magnam et quasi. Accusantium tempora amet sit et illo.', '47', '0');
INSERT INTO comment VALUES ('228', '13', null, '2019-06-09 20:44:37', 'Laudantium dolorem cumque. A autem vel dolorem. Repellendus voluptatum exercitationem repudiandae omnis possimus voluptas dolores.', '12', '0');
INSERT INTO comment VALUES ('229', '55', null, '2018-10-04 21:51:46', 'Sunt voluptatem est omnis. Omnis et nihil recusandae voluptatibus nesciunt sed odio. Quisquam qui voluptas eveniet. Sed veritatis dolores iste et. Eos natus magni illo culpa soluta.', '68', '0');
INSERT INTO comment VALUES ('230', '75', null, '2018-02-03 10:53:08', 'Odit dolorem aut. Temporibus distinctio ea culpa ab est dolorem. In deleniti itaque non itaque aut facilis. Qui ut consectetur aut.', '67', '0');
INSERT INTO comment VALUES ('231', '69', null, '2019-06-09 15:03:04', 'Est impedit dolor et omnis aperiam. Earum dolor necessitatibus odit facere magni. Asperiores autem recusandae inventore cumque molestiae earum.', '51', '0');
INSERT INTO comment VALUES ('232', '20', null, '2019-03-14 16:31:08', 'Quis voluptatem molestiae natus perspiciatis sed dolor iste. Repudiandae corrupti suscipit ad. Ducimus non voluptates hic et assumenda fugiat quibusdam.', '33', '0');
INSERT INTO comment VALUES ('233', '21', null, '2018-08-23 21:30:25', 'Ea nulla tenetur quia quia. Doloremque error aliquid ad asperiores quae laborum. Cum inventore repellat reprehenderit. Eveniet nam doloremque ab dolor deserunt et. Sit quidem perspiciatis.', '81', '0');
INSERT INTO comment VALUES ('234', '10', null, '2018-05-01 06:08:55', 'Pariatur incidunt vero delectus ut. Quia laborum eius reprehenderit. Dolores iure aut doloribus ullam error itaque.', '67', '0');
INSERT INTO comment VALUES ('235', '64', null, '2018-05-31 23:57:52', 'Sed eos nostrum distinctio distinctio. Nisi nobis quae et eum. Qui qui consequuntur vero enim.', '52', '0');
INSERT INTO comment VALUES ('236', '30', null, '2019-03-19 09:37:08', 'Quam aspernatur debitis maxime modi blanditiis. Ut impedit iure. Voluptas hic repudiandae sint autem quae. Esse accusamus illum qui ut.', '11', '0');
INSERT INTO comment VALUES ('237', '21', null, '2018-11-09 20:38:51', 'Vero repellat sint est minima. Veniam est voluptatem aut vero. Quae molestiae ea voluptate id eligendi non eveniet. Sequi autem sequi ipsum et. Tempora alias aut magnam ut.', '32', '0');
INSERT INTO comment VALUES ('238', '23', null, '2018-07-15 21:13:38', 'Et explicabo quia voluptate. Molestias velit dolores. Doloribus minus dicta odio iusto nihil doloribus.', '89', '0');
INSERT INTO comment VALUES ('239', '39', null, '2019-05-19 10:27:38', 'Dicta reiciendis consequuntur veniam et quia error in. A nulla dolores nihil nihil est laborum laudantium. Quas iure ea reprehenderit sed. Nemo aut saepe officiis. Mollitia eligendi aut sed explicabo nostrum molestias.', '27', '0');
INSERT INTO comment VALUES ('240', '9', null, '2018-09-18 09:19:19', 'Fugiat provident id minus. Rem laborum occaecati perferendis voluptas vel officia. Rem eligendi neque deleniti et asperiores natus. Neque iure nihil laborum sapiente. Aut architecto neque dignissimos saepe.', '60', '0');
INSERT INTO comment VALUES ('241', '33', null, '2018-07-20 21:00:26', 'Eum voluptate modi. Sapiente id exercitationem tempora est. Consequuntur ipsam est consequatur ex. Ea est molestias voluptatem neque.', '25', '0');
INSERT INTO comment VALUES ('242', '54', null, '2018-09-20 10:33:06', 'Ea quo qui nulla eligendi repellat explicabo. Sapiente molestiae eius sit sit quae earum. Et sunt quidem.', '37', '0');
INSERT INTO comment VALUES ('243', '43', null, '2018-09-24 04:21:56', 'Excepturi et qui dolor. Veritatis vel cupiditate dolorem. Ea nisi autem quas sed sit corrupti. Quaerat nihil rem et porro accusamus.', '6', '0');
INSERT INTO comment VALUES ('244', '91', null, '2018-04-25 09:12:49', 'Laborum deserunt ratione. Distinctio nemo voluptas omnis provident. Tempore perspiciatis placeat.', '85', '0');
INSERT INTO comment VALUES ('245', '36', null, '2018-11-22 18:52:56', 'Quia laborum a beatae atque et iure. Occaecati sed quae accusamus et reiciendis amet. Quas est id iure. Illo omnis voluptates officiis.', '76', '0');
INSERT INTO comment VALUES ('246', '13', null, '2018-10-20 05:16:35', 'Quas vel aut ullam minima voluptate ab nemo. Maiores rerum facere. Necessitatibus maxime esse hic laboriosam provident dignissimos. Sit optio dolor magni placeat temporibus. Quidem aut maiores ipsum soluta.', '23', '0');
INSERT INTO comment VALUES ('247', '98', null, '2019-02-10 04:08:16', 'Doloribus atque molestiae ut. Est asperiores iure sequi omnis quaerat eos voluptate. Ut quia qui numquam. Corporis eum dolores est excepturi recusandae. Sed molestiae qui mollitia.', '95', '0');
INSERT INTO comment VALUES ('248', '76', null, '2018-03-13 21:16:20', 'Ea omnis neque nemo. Nihil illo ducimus ducimus est. Mollitia qui inventore delectus officiis cum hic. Expedita id est amet quia corrupti.', '69', '0');
INSERT INTO comment VALUES ('249', '89', null, '2019-04-06 13:16:17', 'Numquam commodi recusandae sint ea aut. Aperiam nemo aspernatur. Assumenda accusamus ut.', '98', '0');
INSERT INTO comment VALUES ('250', '27', null, '2018-07-12 17:49:52', 'Cupiditate officia eius odit repudiandae quia sed nulla. Et est velit veritatis quo iusto nihil voluptates. Vero et soluta dolore commodi consequuntur.', '72', '0');
INSERT INTO comment VALUES ('251', '82', null, '2018-02-24 09:18:38', 'Saepe enim mollitia accusantium. Incidunt cupiditate aperiam iure iste vel quia. Unde aut ea. Mollitia magni dolorum fuga et qui asperiores adipisci. Ullam perspiciatis enim aut ea error laborum maxime.', '9', '0');
INSERT INTO comment VALUES ('252', '57', null, '2018-05-17 04:17:13', 'Qui dolor voluptatem odio tenetur. Aut minima dolorum ducimus molestiae quae commodi. Deleniti adipisci non. Rem fugit vero aut dolorum deserunt mollitia alias.', '50', '0');
INSERT INTO comment VALUES ('253', '29', null, '2019-05-25 22:03:45', 'Fugiat voluptates repudiandae est soluta. Exercitationem et assumenda pariatur sed molestias voluptatum. At doloremque dolores accusantium sapiente corrupti numquam.', '74', '0');
INSERT INTO comment VALUES ('254', '22', null, '2018-04-05 11:29:23', 'Sed id exercitationem placeat aperiam et. Et rerum consectetur fuga odit quam. Aperiam fugit blanditiis minima ut pariatur. Fugit explicabo ullam nemo commodi a.', '71', '0');
INSERT INTO comment VALUES ('255', '81', null, '2018-04-27 06:20:25', 'Velit fugiat rerum numquam optio corrupti ex enim. Rerum sequi optio. Nemo magnam numquam suscipit corrupti facilis aliquid qui. Sapiente aperiam dolorem sit quae quis nobis. Rerum possimus assumenda officia non.', '86', '0');
INSERT INTO comment VALUES ('256', '49', null, '2018-11-08 00:20:30', 'Consequatur aut temporibus et vitae est officiis voluptatum. Placeat eum nam. Aspernatur maiores ut sint libero sunt unde. Necessitatibus in voluptatem.', '59', '0');
INSERT INTO comment VALUES ('257', '15', null, '2019-04-13 04:17:18', 'Dolore aut enim vitae unde officia adipisci. Aliquam dolores ipsa consequatur animi deleniti rerum. Porro eligendi optio et.', '19', '0');
INSERT INTO comment VALUES ('258', '30', null, '2018-06-03 12:05:52', 'Exercitationem provident repellendus et. Autem illum ut sunt fugit sed sed. Veritatis nisi repudiandae atque.', '98', '0');
INSERT INTO comment VALUES ('259', '10', null, '2019-05-24 06:42:05', 'Aperiam ut dolorem occaecati totam aut inventore beatae. Culpa tempore ducimus perferendis quia magni quia vero. Autem veniam eum debitis qui in. Molestiae praesentium praesentium. Quidem tempore ad dicta totam ut.', '78', '0');
INSERT INTO comment VALUES ('260', '96', null, '2018-10-07 08:16:19', 'Id ut ab et. Eum corrupti impedit eum distinctio. Adipisci alias esse.', '24', '0');
INSERT INTO comment VALUES ('261', '100', null, '2019-03-30 03:30:56', 'Totam incidunt dolorum ipsa. Maiores quam sed sunt ut voluptatem. Unde rerum facere dolorem hic aperiam hic. Dolores quae tenetur vel est nesciunt exercitationem tenetur. Veritatis aliquid eligendi quidem sed.', '83', '0');
INSERT INTO comment VALUES ('262', '63', null, '2019-05-23 21:00:26', 'Placeat velit qui et necessitatibus et at. Temporibus et et ullam. Explicabo nam eaque cum eaque harum qui nesciunt. Qui ipsam iure. Repellendus blanditiis amet ex voluptatum saepe.', '67', '0');
INSERT INTO comment VALUES ('263', '9', null, '2018-10-23 17:52:51', 'Doloremque unde ipsa. Et eius sint saepe autem quo quia. Nisi rem id nostrum blanditiis nisi et. Ea sunt enim minus enim et.', '33', '0');
INSERT INTO comment VALUES ('264', '86', null, '2019-02-10 19:40:43', 'Enim est eum et nam vel. Cupiditate consequatur voluptate. Laudantium voluptates et laborum saepe quibusdam a doloribus. Quisquam reprehenderit similique quia. Id similique totam nemo necessitatibus.', '5', '0');
INSERT INTO comment VALUES ('265', '18', null, '2018-12-25 09:58:09', 'Nulla illum modi exercitationem similique doloribus iste porro. Et unde aut placeat voluptas. Sunt nostrum dolores. Sit aut ad perspiciatis ut impedit dolor. Ut nihil dolor.', '95', '0');
INSERT INTO comment VALUES ('266', '76', null, '2019-05-03 03:42:21', 'Accusantium adipisci nam. Non dolor voluptatem voluptatibus dolores unde sed beatae. Est enim esse. Exercitationem ab iure rerum voluptas ut est dolore.', '72', '0');
INSERT INTO comment VALUES ('267', '41', null, '2019-01-15 07:12:46', 'Perferendis natus eaque tempore est. Sint dignissimos cum. Inventore eveniet asperiores eaque ab. Saepe eius vitae qui consequatur cupiditate. Tempore veritatis vitae nemo ut nemo.', '72', '0');
INSERT INTO comment VALUES ('268', '50', null, '2018-08-04 05:14:47', 'Exercitationem possimus sunt alias. Cumque dolorem asperiores nihil odit sint. Officiis est magnam placeat.', '17', '0');
INSERT INTO comment VALUES ('269', '93', null, '2018-04-14 11:02:58', 'Illo eveniet doloremque et aperiam. Molestiae quo assumenda. Suscipit ad amet tempora.', '32', '0');
INSERT INTO comment VALUES ('270', '96', null, '2019-01-21 05:31:57', 'Culpa autem ut et. Autem nemo occaecati. Aut recusandae et tenetur veritatis et illo rerum. Rerum rem dolores ipsa eum ea. Et esse veritatis ab praesentium placeat occaecati architecto.', '70', '0');
INSERT INTO comment VALUES ('271', '85', null, '2018-12-19 15:17:27', 'Eius officiis adipisci. Quo aliquid odit temporibus accusantium qui. Et modi qui necessitatibus omnis voluptatibus explicabo vero. Voluptas sed voluptatem.', '1', '0');
INSERT INTO comment VALUES ('272', '43', null, '2018-09-04 10:47:16', 'Et tenetur velit tempore. Aperiam nesciunt quisquam consequatur expedita. At perferendis necessitatibus tempore quidem. Ut voluptatem quis dolor velit. Blanditiis soluta modi at consequatur.', '22', '0');
INSERT INTO comment VALUES ('273', '42', null, '2019-03-25 05:26:23', 'Quae sed saepe blanditiis aliquam distinctio quasi. Delectus possimus ut sit animi. Qui doloremque cupiditate iste quibusdam praesentium qui debitis.', '28', '0');
INSERT INTO comment VALUES ('274', '39', null, '2019-05-19 08:18:19', 'Cupiditate fuga odio enim. Mollitia aut repellendus ea. Accusamus unde sapiente fuga. Voluptas et culpa. Non a laborum neque.', '94', '0');
INSERT INTO comment VALUES ('275', '36', null, '2018-10-01 13:59:58', 'Minus quis corrupti temporibus accusantium. Quos tempore incidunt ex nihil dolores voluptas dolor. Aut sequi expedita. Id voluptates debitis doloribus sed.', '19', '0');
INSERT INTO comment VALUES ('276', '86', null, '2018-01-15 07:37:09', 'Qui incidunt nulla eos vel veritatis. Id accusamus impedit non animi autem ea. Odit quos exercitationem. Consectetur qui vel odio. Et nulla fugit.', '50', '0');
INSERT INTO comment VALUES ('277', '81', null, '2018-03-19 11:03:23', 'Corrupti tempora qui aut repudiandae. Dolorum natus qui aliquid. Similique et alias. Quia consequatur ipsam ut nihil exercitationem.', '92', '0');
INSERT INTO comment VALUES ('278', '96', null, '2018-08-26 01:36:12', 'Error qui libero dolor veritatis eum. Quisquam et officia architecto maiores. Explicabo voluptatibus pariatur dolorum. Beatae soluta sed.', '82', '0');
INSERT INTO comment VALUES ('279', '52', null, '2019-06-02 19:59:30', 'Repellat placeat libero porro adipisci earum. Vero nesciunt qui. Sit commodi eos cum voluptas.', '51', '0');
INSERT INTO comment VALUES ('280', '9', null, '2018-02-22 20:31:03', 'Aperiam in assumenda praesentium velit placeat et. Consequatur magni repellat reiciendis a. In possimus corporis sequi. Deleniti quos reiciendis. Accusantium commodi sequi nam quia temporibus sequi.', '99', '0');
INSERT INTO comment VALUES ('281', '8', null, '2018-10-20 05:37:46', 'Asperiores tempora repudiandae adipisci nulla. Mollitia qui est corporis in. Voluptatem cum dolorem. Esse vel reiciendis non. Tempora sit nam.', '44', '0');
INSERT INTO comment VALUES ('282', '60', null, '2018-05-28 19:52:20', 'Velit soluta ipsam et et odio dolor consequatur. Dolore quos quidem saepe voluptate reprehenderit voluptatem. Facere quod officiis culpa veritatis occaecati vero. Modi repellat atque exercitationem iure.', '21', '0');
INSERT INTO comment VALUES ('283', '95', null, '2018-11-04 07:45:02', 'Aspernatur voluptates qui porro eveniet assumenda neque reprehenderit. Corrupti ullam est tempore. Molestiae molestiae laudantium. Quas id ea architecto amet sequi minus.', '99', '0');
INSERT INTO comment VALUES ('284', '1', null, '2018-05-31 16:43:03', 'Qui sunt ea eius rerum earum. Velit nostrum cupiditate ex dolor. Libero quidem assumenda ullam laborum. Est adipisci est. Perspiciatis aut ab rem.', '75', '0');
INSERT INTO comment VALUES ('285', '64', null, '2018-06-19 20:45:42', 'Voluptas magnam at voluptatibus non. Qui rerum ipsum. Sequi eos quisquam aliquam. Qui et exercitationem ipsum earum.', '43', '0');
INSERT INTO comment VALUES ('286', '17', null, '2018-02-12 15:25:56', 'Velit voluptatem a incidunt. Dolorem quia et et. Officia nulla possimus occaecati sint. Sint veritatis sed.', '77', '0');
INSERT INTO comment VALUES ('287', '89', null, '2018-03-20 13:09:18', 'Quisquam optio temporibus esse suscipit molestias. Sit sint quibusdam laborum. Velit autem quo a nihil laboriosam illum. Quae veritatis voluptate occaecati magni quibusdam tempore molestias. Et debitis voluptatem est mollitia ut.', '78', '0');
INSERT INTO comment VALUES ('288', '40', null, '2018-03-14 17:02:33', 'Reprehenderit necessitatibus qui molestiae impedit nihil et tempora. Deserunt dolorem sit. Modi sint dignissimos velit facilis officia sunt. Consequuntur fugiat quis et earum quis quidem.', '54', '0');
INSERT INTO comment VALUES ('289', '59', null, '2018-03-17 17:50:58', 'Eos accusamus quas. Fugit fugiat doloribus. Voluptatem a non necessitatibus deserunt.', '90', '0');
INSERT INTO comment VALUES ('290', '10', null, '2019-04-28 13:54:30', 'Iste ut reprehenderit. Nostrum dolorem ea voluptates repudiandae harum. Quis aut ab temporibus eum nobis quia. Consequatur illum aut quis totam. Eum saepe officiis est accusamus non.', '68', '0');
INSERT INTO comment VALUES ('291', '55', null, '2019-01-19 22:46:41', 'Velit assumenda amet aliquam nam voluptatem nesciunt. Qui voluptatum rerum a. Animi vero perspiciatis eligendi.', '37', '0');
INSERT INTO comment VALUES ('292', '57', null, '2018-11-27 21:27:45', 'Aut corporis omnis ut. Ex necessitatibus qui minus hic. Voluptatem voluptas accusamus vel dolorem. Ducimus rerum dolorem veniam non dolores et aut. Ducimus eum quasi non libero non.', '69', '0');
INSERT INTO comment VALUES ('293', '100', null, '2019-06-04 11:18:09', 'Voluptatem culpa sunt fugiat adipisci. Occaecati dolores recusandae voluptatem provident. Animi velit voluptatum est ut quas vero. Hic doloremque dolorem sit. Consequatur ratione consectetur voluptatum illo dolorem.', '72', '0');
INSERT INTO comment VALUES ('294', '32', null, '2018-12-10 16:30:27', 'Ipsa iste expedita deserunt eos. A facilis nihil. Repudiandae natus cum dolores aut qui vel. Consequatur quisquam qui id omnis et ipsa. Qui qui explicabo quaerat quis officia nulla.', '6', '0');
INSERT INTO comment VALUES ('295', '2', null, '2018-12-26 21:56:20', 'Vero aspernatur rerum. Minus eos sit esse enim. Modi eveniet quos magnam neque aut reprehenderit.', '48', '0');
INSERT INTO comment VALUES ('296', '56', null, '2018-02-13 10:01:48', 'Dolorum enim et nemo sunt pariatur expedita. Et sint non corrupti. Aperiam rerum dicta doloribus sint impedit. Perferendis voluptatem amet sequi aliquam nisi.', '72', '0');
INSERT INTO comment VALUES ('297', '91', null, '2018-04-23 03:02:41', 'Ullam dolor voluptatem. Ex corporis expedita ea. Eum et sit veniam.', '2', '0');
INSERT INTO comment VALUES ('298', '100', null, '2018-08-04 04:59:39', 'Sint placeat qui. Id aut accusantium expedita autem autem iure. Dolores et eligendi. Nihil doloremque sit sit veritatis porro molestias aliquam.', '84', '0');
INSERT INTO comment VALUES ('299', '96', null, '2018-10-07 21:49:28', 'Cumque qui id ut optio. Sunt repellat qui est id consectetur magni. Voluptatibus aspernatur et a. Expedita velit corporis impedit facilis nam cupiditate et.', '54', '0');
INSERT INTO comment VALUES ('300', '84', null, '2019-03-02 14:19:14', 'Veniam ea dolor laudantium autem quia asperiores consequatur. Corrupti magni similique cum perspiciatis. Vitae animi autem. Sapiente quo ut aut occaecati quo pariatur voluptas. Cum maxime sapiente veniam nam sed.', '36', '0');

-- ----------------------------
-- Table structure for `reply`
-- ----------------------------
DROP TABLE IF EXISTS `reply`;
CREATE TABLE `reply` (
  `replyId` int(11) NOT NULL AUTO_INCREMENT COMMENT '回复信息的唯一标识id',
  `uid` int(11) DEFAULT NULL COMMENT '回复评论的用户id，外键',
  `commentId` bigint(20) DEFAULT NULL COMMENT '进行回复的评论信息id，外键',
  `replyTime` datetime DEFAULT NULL COMMENT '回复的时间',
  `content` text COMMENT '回复的内容信息',
  `to` int(11) DEFAULT NULL COMMENT '如果to为null, 表示这条回复是直接针对comment的回复;\r\n            如果to不为null, 表示引用了某个特定reply的replyId',
  PRIMARY KEY (`replyId`),
  KEY `FK_CommentHasReply` (`commentId`),
  KEY `FK_UserPostReply` (`uid`),
  CONSTRAINT `FK_CommentHasReply` FOREIGN KEY (`commentId`) REFERENCES `comment` (`commentId`),
  CONSTRAINT `FK_UserPostReply` FOREIGN KEY (`uid`) REFERENCES `user` (`uid`)
) ENGINE=InnoDB AUTO_INCREMENT=202 DEFAULT CHARSET=utf8;

-- ----------------------------
-- Records of reply
-- ----------------------------
INSERT INTO reply VALUES ('101', '31', '13', '2019-07-11 09:55:03', 'Sint eum eligendi harum distinctio fugiat. Consequatur pariatur ratione. At et sunt. Quia aperiam magni tempore laborum mollitia optio distinctio. Nostrum numquam vero.', '130');
INSERT INTO reply VALUES ('102', '27', '54', '2019-07-11 09:55:04', 'Ipsa suscipit et error voluptatibus. Ut unde veritatis officiis. Minus et eligendi exercitationem dolores.', '128');
INSERT INTO reply VALUES ('103', '100', '87', '2019-07-11 09:55:04', 'Itaque accusamus voluptas expedita. Est hic nisi laudantium qui est aut. Dicta ducimus mollitia unde sunt qui sunt cumque.', '130');
INSERT INTO reply VALUES ('104', '74', '88', '2019-07-11 09:55:04', 'Minima totam animi officia quo est. Ut labore repellendus debitis. Labore magni quasi officia hic blanditiis. Quo ut nihil consequuntur eos sunt.', '141');
INSERT INTO reply VALUES ('105', '4', '20', '2019-07-11 09:55:04', 'Omnis provident qui labore quia corporis velit sed. Eum doloremque ea. Harum vel natus quis. Non libero velit sunt et. Voluptatem deleniti labore.', '179');
INSERT INTO reply VALUES ('106', '52', '86', '2019-07-11 09:55:04', 'Sapiente quae officiis quis similique odit. Voluptas molestiae dolorum aliquid nisi deleniti exercitationem. Modi eos at quia est temporibus. Iusto molestias officia nisi quis voluptatem.', '168');
INSERT INTO reply VALUES ('107', '84', '59', '2019-07-11 09:55:04', 'Iste iusto quam sequi voluptas. Hic alias expedita dolorum ipsa. Consequatur odit ut distinctio. Eum culpa mollitia voluptas.', '197');
INSERT INTO reply VALUES ('108', '92', '58', '2019-07-11 09:55:04', 'Ut tempore recusandae. Excepturi laborum et. Voluptatem et expedita dolor eos voluptatum.', '135');
INSERT INTO reply VALUES ('109', '97', '68', '2019-07-11 09:55:04', 'Debitis perspiciatis magnam culpa. Laboriosam inventore consequatur quasi vel. Numquam incidunt impedit similique.', '128');
INSERT INTO reply VALUES ('110', '59', '64', '2019-07-11 09:55:04', 'Ducimus omnis voluptate officiis illum omnis labore. Voluptas sint ipsum. Voluptas a et vitae nostrum.', '181');
INSERT INTO reply VALUES ('111', '54', '58', '2019-07-11 09:55:04', 'Modi fugit est odio delectus quis et dignissimos. Voluptas laboriosam sunt odit consequatur amet. Officia numquam nam vitae placeat.', '182');
INSERT INTO reply VALUES ('112', '20', '34', '2019-07-11 09:55:04', 'Enim non impedit exercitationem veritatis modi rerum. Unde saepe nihil. Consectetur tempora et laboriosam vel voluptatem eius necessitatibus. Doloremque voluptates quia provident eius quia ex tempora.', '109');
INSERT INTO reply VALUES ('113', '84', '35', '2019-07-11 09:55:04', 'Et fugit soluta quia libero rerum quis. Rerum sit eveniet libero. Repellat dolore cumque non sit. Similique voluptatem debitis atque soluta deleniti. Atque est nihil.', '108');
INSERT INTO reply VALUES ('114', '55', '22', '2019-07-11 09:55:04', 'Quo qui ut molestiae hic amet rerum. Delectus omnis temporibus est ipsum illum porro ut. Amet voluptatibus ut animi qui. Qui aut ex et et.', '156');
INSERT INTO reply VALUES ('115', '25', '3', '2019-07-11 09:55:04', 'Ut tempora alias quibusdam. In qui ipsum earum. Recusandae voluptas voluptas. Atque nisi consequatur. Vel sapiente voluptate molestiae eligendi eos.', '172');
INSERT INTO reply VALUES ('116', '88', '99', '2019-07-11 09:55:04', 'Minima minima eos est culpa aspernatur quia aut. Quaerat qui repellat earum qui est esse architecto. Distinctio dolorem quia. Qui facere corporis impedit.', '185');
INSERT INTO reply VALUES ('117', '84', '70', '2019-07-11 09:55:04', 'Architecto corporis saepe itaque quod. Itaque omnis at repudiandae autem sunt voluptas. Eum libero asperiores et. Sed quod commodi ea reiciendis autem culpa. Doloremque dolore numquam.', '196');
INSERT INTO reply VALUES ('118', '49', '24', '2019-07-11 09:55:04', 'Sit porro sed ullam molestiae et qui consectetur. Nisi sed consectetur in nesciunt. Repellendus corrupti aut ut eius impedit qui.', '121');
INSERT INTO reply VALUES ('119', '77', '95', '2019-07-11 09:55:04', 'Labore tenetur quos autem. Aut at voluptatum veritatis iusto sint. Ut sint impedit recusandae. Sint dolor sit sit odit praesentium.', '165');
INSERT INTO reply VALUES ('120', '94', '92', '2019-07-11 09:55:04', 'A dolorem blanditiis similique. Sit illo in ratione consequatur amet quo sunt. Debitis omnis autem. Recusandae in et officia et. Alias autem dolor excepturi.', '155');
INSERT INTO reply VALUES ('121', '35', '54', '2019-07-11 09:55:04', 'Exercitationem dicta quasi veniam omnis. Et ad et quia eos id in totam. Officiis reprehenderit molestias ex dolorem itaque omnis. Nisi deleniti reiciendis quasi enim beatae ipsa rerum.', '110');
INSERT INTO reply VALUES ('122', '96', '54', '2019-07-11 09:55:04', 'Est maxime dolorem nesciunt. Et minus debitis deleniti. Deleniti eligendi qui sed quisquam atque distinctio. Dolorem voluptatem esse.', '141');
INSERT INTO reply VALUES ('123', '46', '6', '2019-07-11 09:55:04', 'Consectetur id earum laboriosam ea necessitatibus sint. Dolor magni et. Quam atque praesentium adipisci. Harum repellat nostrum labore.', '188');
INSERT INTO reply VALUES ('124', '34', '84', '2019-07-11 09:55:04', 'Voluptatem in sint aut in harum dignissimos nisi. Ut neque voluptas temporibus dolore quae quos id. Eaque sunt odit cupiditate repellat. Aspernatur natus voluptas et inventore vitae quis dolorum.', '142');
INSERT INTO reply VALUES ('125', '82', '68', '2019-07-11 09:55:04', 'Similique exercitationem asperiores quaerat optio. Et aperiam incidunt occaecati eaque molestiae id. Porro voluptate aut. Vero pariatur eos eligendi totam similique incidunt laboriosam.', '140');
INSERT INTO reply VALUES ('126', '5', '44', '2019-07-11 09:55:04', 'Quaerat itaque dignissimos odit facilis. Quasi saepe ut ut doloremque. Adipisci eum officia qui et voluptatem. Labore maxime nesciunt fuga ipsa illum illum. Beatae asperiores mollitia impedit accusantium.', '103');
INSERT INTO reply VALUES ('127', '84', '43', '2019-07-11 09:55:04', 'Saepe fuga ex eos omnis ut omnis ab. Atque esse numquam sint. Explicabo dignissimos sequi ut labore pariatur labore. Nemo tempora tempora et hic dignissimos.', '132');
INSERT INTO reply VALUES ('128', '10', '28', '2019-07-11 09:55:04', 'Quibusdam sequi aut nulla. Distinctio non in voluptatem. Omnis voluptatem est. Et ipsa consectetur laboriosam.', '116');
INSERT INTO reply VALUES ('129', '19', '1', '2019-07-11 09:55:04', 'Quaerat voluptas provident consequatur a sequi odio laborum. Accusantium vel sint ut eligendi et cum. Aut qui eligendi perspiciatis. Vitae porro deleniti molestiae eaque. Nesciunt doloribus esse et.', '129');
INSERT INTO reply VALUES ('130', '21', '49', '2019-07-11 09:55:04', 'Ut veritatis corrupti quos quo. Et saepe ut veniam. Quasi laboriosam cumque velit mollitia.', '114');
INSERT INTO reply VALUES ('131', '7', '59', '2019-07-11 09:55:04', 'Illo necessitatibus aut alias. Cumque repellendus dolor. Omnis temporibus ut fugiat ducimus sit.', '140');
INSERT INTO reply VALUES ('132', '25', '90', '2019-07-11 09:55:04', 'Voluptas dolorem quo qui distinctio quia quis rem. Tenetur accusamus ut. Accusantium in et. Eos omnis sit nulla nesciunt.', '149');
INSERT INTO reply VALUES ('133', '5', '73', '2019-07-11 09:55:04', 'Et et maxime magni quae molestias. Pariatur et vel quo fugiat. Accusamus deserunt totam aut.', '113');
INSERT INTO reply VALUES ('134', '20', '90', '2019-07-11 09:55:04', 'Dignissimos blanditiis voluptatem molestias voluptatum veritatis. Quidem laboriosam distinctio et illo. Magnam aspernatur optio suscipit eligendi cupiditate. Omnis facere officiis voluptatum esse occaecati. Ullam sit cumque.', '174');
INSERT INTO reply VALUES ('135', '34', '60', '2019-07-11 09:55:04', 'Atque rerum omnis placeat et voluptas ab. Sit quaerat voluptate. Consequatur qui optio. Deserunt repudiandae qui ipsam.', '122');
INSERT INTO reply VALUES ('136', '35', '26', '2019-07-11 09:55:04', 'Ut laboriosam ut. Voluptatem natus error qui. Sunt excepturi consequuntur voluptatem.', '199');
INSERT INTO reply VALUES ('137', '60', '70', '2019-07-11 09:55:04', 'Ut natus quo necessitatibus. Est quod sint in distinctio delectus ipsum adipisci. Autem odio eos adipisci quia. Hic facere corporis consequatur maiores culpa sapiente. Molestiae alias distinctio rerum repellendus et.', '166');
INSERT INTO reply VALUES ('138', '31', '3', '2019-07-11 09:55:04', 'Autem eveniet nihil. Laborum doloremque aut omnis. Consequatur quasi suscipit delectus voluptate unde.', '186');
INSERT INTO reply VALUES ('139', '6', '3', '2019-07-11 09:55:04', 'Velit quo deserunt repudiandae temporibus in cumque. Id optio mollitia maiores quis nulla quasi. Et qui quisquam vitae nulla eius. A ab velit officiis non in.', '121');
INSERT INTO reply VALUES ('140', '69', '50', '2019-07-11 09:55:04', 'Perspiciatis molestiae quam vel nihil dolore. Explicabo omnis id fuga vel praesentium qui. Iure reiciendis omnis eum suscipit culpa.', '125');
INSERT INTO reply VALUES ('141', '43', '75', '2019-07-11 09:55:04', 'Aspernatur iure quo beatae non accusamus aut labore. Accusantium molestiae veniam. Alias aut iste qui perferendis. Id veniam quisquam deserunt et.', '173');
INSERT INTO reply VALUES ('142', '6', '3', '2019-07-11 09:55:04', 'A neque dolor odit officia sequi repellendus tempora. Minima voluptas dolores ut odio voluptatum nobis a. Qui enim totam voluptas dolorem nemo.', '115');
INSERT INTO reply VALUES ('143', '96', '27', '2019-07-11 09:55:04', 'Amet ab culpa consequuntur enim esse. Eos quam eius. Voluptatem iste vitae omnis similique.', '116');
INSERT INTO reply VALUES ('144', '69', '89', '2019-07-11 09:55:04', 'Voluptatem ut accusamus consectetur. Nihil omnis dolores. Sit quaerat perferendis tempore.', '125');
INSERT INTO reply VALUES ('145', '100', '47', '2019-07-11 09:55:04', 'Dolor repellat quo blanditiis sequi velit earum et. Quis dolor laboriosam facilis. Quasi cumque accusantium enim qui aut veniam.', '147');
INSERT INTO reply VALUES ('146', '40', '46', '2019-07-11 09:55:04', 'Distinctio laborum omnis. Ut delectus soluta nulla. Reiciendis sequi culpa exercitationem incidunt ducimus.', '123');
INSERT INTO reply VALUES ('147', '34', '66', '2019-07-11 09:55:04', 'Possimus dolorem omnis provident vitae rerum dignissimos ipsa. Architecto voluptas doloribus modi omnis. Qui perspiciatis aut. Tempore iure iste modi impedit.', '139');
INSERT INTO reply VALUES ('148', '4', '13', '2019-07-11 09:55:04', 'Voluptatem vitae nostrum. Eum nisi illum. Velit omnis sed sit sed labore.', '124');
INSERT INTO reply VALUES ('149', '19', '34', '2019-07-11 09:55:04', 'Explicabo vel quidem voluptatum. Exercitationem qui officiis quia pariatur quo facere. Ut consequatur accusantium.', '165');
INSERT INTO reply VALUES ('150', '86', '53', '2019-07-11 09:55:04', 'Dignissimos rem dicta a maxime ab et. Aut aut a quo quidem accusamus velit adipisci. Dolor velit minima exercitationem velit autem quos. Aliquid qui voluptatem aut nihil pariatur.', '183');
INSERT INTO reply VALUES ('151', '75', '51', '2019-07-11 09:55:04', 'Distinctio reprehenderit a corrupti nemo sit. Dolor dicta voluptatem. Corporis ducimus hic unde delectus. Quia illo et sit rerum.', '139');
INSERT INTO reply VALUES ('152', '85', '11', '2019-07-11 09:55:04', 'Quae voluptas accusantium. Perspiciatis quia id doloremque. Omnis earum dolorem et assumenda suscipit. Libero impedit reiciendis est et quis deleniti nemo.', '113');
INSERT INTO reply VALUES ('153', '79', '29', '2019-07-11 09:55:04', 'Pariatur qui et. Mollitia debitis aut vero perferendis deserunt. Nemo totam corrupti suscipit eius soluta maiores. Ex laborum distinctio labore soluta aut. Architecto culpa illum tempora aliquid velit exercitationem vel.', '197');
INSERT INTO reply VALUES ('154', '88', '16', '2019-07-11 09:55:04', 'Ipsa repellat eius expedita culpa provident consequatur. Saepe aut eligendi facere culpa. Aut consequuntur ut tempore ipsa. Alias consectetur minima iure necessitatibus facere et. Deserunt qui qui.', '157');
INSERT INTO reply VALUES ('155', '76', '84', '2019-07-11 09:55:04', 'Non occaecati dolore tenetur eos. Tempore accusantium esse animi ut culpa. Iste beatae pariatur omnis voluptate explicabo eum minus. Tenetur asperiores ut deserunt libero et inventore sequi.', '166');
INSERT INTO reply VALUES ('156', '93', '79', '2019-07-11 09:55:04', 'Sapiente deserunt dignissimos molestiae id labore. Consequatur voluptatum adipisci autem voluptates facilis qui molestiae. Maiores repudiandae nostrum quo. Reiciendis vel voluptatem saepe similique. Quis facere animi quia mollitia cumque ut.', '126');
INSERT INTO reply VALUES ('157', '11', '94', '2019-07-11 09:55:04', 'Deserunt officiis eaque qui placeat quis esse facere. Iure consequuntur aut sed id harum. Sapiente id perferendis quia quidem rerum sit.', '109');
INSERT INTO reply VALUES ('158', '91', '52', '2019-07-11 09:55:04', 'Ut qui ex quis architecto. Similique ab et adipisci quidem saepe. Incidunt quo necessitatibus voluptas delectus pariatur quia voluptatem.', '132');
INSERT INTO reply VALUES ('159', '71', '55', '2019-07-11 09:55:04', 'Optio qui aut est at. Doloribus officia nesciunt corporis. Harum placeat molestias assumenda.', '182');
INSERT INTO reply VALUES ('160', '85', '26', '2019-07-11 09:55:04', 'Commodi voluptatem officia expedita optio voluptatibus magni doloribus. Provident enim voluptate. Qui quod consequuntur. Perspiciatis atque quo aliquid cupiditate cumque accusantium eveniet. Sunt nemo corporis id ullam voluptatibus labore.', '112');
INSERT INTO reply VALUES ('161', '84', '12', '2019-07-11 09:55:04', 'Voluptatem doloribus consectetur consectetur. Ratione ut at placeat quo magnam aliquam. Consequatur omnis quos quis nulla rerum minus esse.', '166');
INSERT INTO reply VALUES ('162', '29', '93', '2019-07-11 09:55:04', 'Quas laborum asperiores. Velit iure qui similique est eum ut eligendi. Itaque nulla ipsam. Repellat quia sit perferendis.', '134');
INSERT INTO reply VALUES ('163', '100', '31', '2019-07-11 09:55:04', 'Quia consequatur enim. Sint dicta laboriosam. Minima doloremque blanditiis ut.', '164');
INSERT INTO reply VALUES ('164', '74', '44', '2019-07-11 09:55:04', 'Molestias temporibus dignissimos. Hic facere omnis dicta placeat iste. Omnis voluptatem omnis quidem saepe et quia et. Dicta est eum ea similique mollitia.', '168');
INSERT INTO reply VALUES ('165', '3', '67', '2019-07-11 09:55:04', 'Temporibus et necessitatibus error. Quo ullam harum sint ipsam corporis. Quod sit ut enim amet quos.', '153');
INSERT INTO reply VALUES ('166', '14', '67', '2019-07-11 09:55:04', 'Modi in dolor enim. Et illum placeat totam ullam pariatur ipsum nesciunt. Ratione soluta rem ipsa neque omnis architecto. Est officiis iste. Aliquam error dolorem ratione.', '162');
INSERT INTO reply VALUES ('167', '55', '64', '2019-07-11 09:55:04', 'Libero enim sapiente sit libero quisquam quam. Repellendus quidem iusto repudiandae cum nihil tempore laborum. Possimus expedita totam porro numquam ipsum aliquid et. Quae quibusdam quas occaecati ducimus aut autem. Qui qui cum.', '193');
INSERT INTO reply VALUES ('168', '70', '64', '2019-07-11 09:55:04', 'Sint aut qui ratione. Incidunt animi corporis nemo natus deleniti. Non dolorem qui harum. Deserunt rerum ipsam illum et hic aspernatur mollitia. Perspiciatis architecto non in placeat labore a optio.', '114');
INSERT INTO reply VALUES ('169', '94', '82', '2019-07-11 09:55:04', 'Rerum corrupti dolor non eos. Aut nesciunt aut consequuntur. Rem reiciendis itaque. Quos ut aut.', '136');
INSERT INTO reply VALUES ('170', '18', '26', '2019-07-11 09:55:04', 'Vitae non nam doloremque non totam. Sit odio illo quia aut. Sunt qui et consequatur sed eum.', '189');
INSERT INTO reply VALUES ('171', '61', '76', '2019-07-11 09:55:04', 'Earum dolor dolorem minima sed et. Eveniet voluptatibus praesentium eum hic. Ea fugit similique.', '152');
INSERT INTO reply VALUES ('172', '11', '71', '2019-07-11 09:55:04', 'Molestiae tenetur quibusdam sit veniam. Aut temporibus sit quia. Repellendus atque cupiditate esse molestiae. Et id nobis et pariatur ut voluptatem sint. Non architecto porro repellat.', '118');
INSERT INTO reply VALUES ('173', '54', '76', '2019-07-11 09:55:04', 'Corrupti quod at aut hic facere officia autem. Aut voluptatum neque. Ea ex ut totam sed placeat. Rerum nobis enim sit asperiores consequatur quas aut.', '119');
INSERT INTO reply VALUES ('174', '50', '47', '2019-07-11 09:55:04', 'Dolorem aut voluptatem culpa omnis voluptate laudantium. Consequatur recusandae quae deserunt nisi blanditiis molestias. Esse quam et minima. Velit ut perferendis. Iusto atque dolores vel ut eos.', '178');
INSERT INTO reply VALUES ('175', '2', '84', '2019-07-11 09:55:04', 'Possimus minima sunt velit eum est id. Sed quo occaecati blanditiis quibusdam. Enim ea voluptatem nulla accusantium quo ex quia.', '184');
INSERT INTO reply VALUES ('176', '39', '82', '2019-07-11 09:55:04', 'Harum nulla debitis et est eum ducimus. Ut consequatur magni nobis voluptatem. Velit expedita est voluptatum.', '187');
INSERT INTO reply VALUES ('177', '90', '68', '2019-07-11 09:55:04', 'Doloremque et consequatur esse maiores ratione accusantium veniam. Voluptates recusandae quo praesentium voluptas. Rem nihil nihil. Ea vitae dolore reiciendis voluptatem.', '124');
INSERT INTO reply VALUES ('178', '54', '34', '2019-07-11 09:55:04', 'Quod veniam mollitia dignissimos nisi vitae. Voluptas magni explicabo. Molestiae earum neque sint voluptates. Non non velit eaque quam id. Corrupti hic voluptate maxime.', '145');
INSERT INTO reply VALUES ('179', '97', '88', '2019-07-11 09:55:04', 'Omnis nam amet recusandae suscipit. Asperiores assumenda quo accusamus ex quos. Consequuntur vero est eum quidem.', '173');
INSERT INTO reply VALUES ('180', '47', '37', '2019-07-11 09:55:04', 'Velit maiores quia. Modi id quod ut hic consequatur tempore vel. Impedit facilis soluta nostrum fugiat et optio non.', '196');
INSERT INTO reply VALUES ('181', '55', '93', '2019-07-11 09:55:04', 'Odit at deleniti repellat repellendus fugit iusto impedit. Nihil qui accusantium eaque libero omnis. In veritatis officiis inventore ut voluptate delectus. Odio aspernatur totam enim voluptates ipsam. Et nihil natus rerum eaque consequatur voluptate veritatis.', '171');
INSERT INTO reply VALUES ('182', '84', '6', '2019-07-11 09:55:04', 'Iste in ipsa voluptatibus. Perspiciatis repellat ea quaerat repellat voluptas. Autem quam et saepe.', '148');
INSERT INTO reply VALUES ('183', '85', '79', '2019-07-11 09:55:04', 'Non aut numquam. Voluptatibus distinctio error. Maiores eos alias.', '113');
INSERT INTO reply VALUES ('184', '10', '56', '2019-07-11 09:55:04', 'Voluptate accusamus atque qui molestiae autem. Fugiat qui nihil earum hic. Expedita quae expedita optio sunt. Voluptas non totam quam impedit.', '121');
INSERT INTO reply VALUES ('185', '25', '22', '2019-07-11 09:55:04', 'Provident cumque necessitatibus quasi saepe. Totam eligendi fuga quibusdam. Quis ut architecto quis voluptates labore fuga velit. Repellat qui officiis nihil dolor cum odit. Delectus tempore a fugit nihil.', '107');
INSERT INTO reply VALUES ('186', '29', '99', '2019-07-11 09:55:04', 'Cumque molestias et aliquid iusto et. Inventore recusandae aut non et nobis laudantium id. Est vero qui temporibus. Nihil repudiandae nihil et.', '115');
INSERT INTO reply VALUES ('187', '31', '55', '2019-07-11 09:55:04', 'Tempora aut similique. Illo doloremque qui quia a sunt eum sunt. Explicabo illo neque eius in eos excepturi. Est ipsum et explicabo ipsa.', '165');
INSERT INTO reply VALUES ('188', '51', '89', '2019-07-11 09:55:04', 'Ab hic omnis mollitia repellat. Perferendis eum ipsum animi. Et nihil ex est perferendis tenetur alias. Doloremque itaque aut modi provident. Nostrum deleniti qui saepe.', '123');
INSERT INTO reply VALUES ('189', '45', '9', '2019-07-11 09:55:04', 'Eaque quaerat qui deleniti. Dignissimos ut earum aut. Tempora quia quidem quaerat consequuntur impedit. Aut culpa asperiores culpa eveniet et.', '134');
INSERT INTO reply VALUES ('190', '32', '41', '2019-07-11 09:55:04', 'Ut cupiditate itaque dolor qui iusto. Dignissimos sed sapiente nihil sed laboriosam ut maxime. Voluptatem quasi veniam doloribus delectus.', '153');
INSERT INTO reply VALUES ('191', '69', '31', '2019-07-11 09:55:04', 'Odio consequatur repellat dolorum sunt aliquid accusantium. Id voluptas ipsum ut qui. Iusto similique architecto quo tempora ut odio sunt. Repudiandae dolore ut mollitia libero repudiandae.', '182');
INSERT INTO reply VALUES ('192', '72', '77', '2019-07-11 09:55:04', 'Voluptas molestias voluptatibus fugiat commodi enim. Aut nostrum amet aut. Ducimus et voluptate corporis eveniet. Perferendis molestiae illo vero asperiores.', '109');
INSERT INTO reply VALUES ('193', '89', '2', '2019-07-11 09:55:04', 'Cum maxime sit tempora amet necessitatibus quasi ducimus. Ullam sequi voluptas repudiandae qui et doloremque. Hic temporibus dicta esse qui necessitatibus voluptatibus.', '155');
INSERT INTO reply VALUES ('194', '60', '30', '2019-07-11 09:55:04', 'Aut aut omnis qui non recusandae ab aut. Dolorem velit iste magnam iure debitis. Pariatur molestias dignissimos veritatis iste commodi. Est ut ut.', '166');
INSERT INTO reply VALUES ('195', '43', '77', '2019-07-11 09:55:04', 'Officia omnis sapiente reprehenderit ipsam. Id fuga nobis in. Libero magnam eius error.', '163');
INSERT INTO reply VALUES ('196', '53', '70', '2019-07-11 09:55:04', 'Quod reprehenderit enim et assumenda. Et soluta voluptas. Illum voluptatem est necessitatibus et autem.', '117');
INSERT INTO reply VALUES ('197', '51', '61', '2019-07-11 09:55:04', 'Quasi magnam quisquam eligendi atque. Iste labore perspiciatis odio qui voluptatem fuga sunt. At aut eius qui et voluptatem. Suscipit voluptatum et ut.', '120');
INSERT INTO reply VALUES ('198', '93', '40', '2019-07-11 09:55:04', 'Aut aut omnis adipisci nesciunt delectus accusamus. Voluptas consequatur minima odio. Omnis ipsa ut est sequi veritatis mollitia.', '177');
INSERT INTO reply VALUES ('199', '12', '16', '2019-07-11 09:55:04', 'Rem molestias aut et sequi. Quis incidunt asperiores vel saepe eum. Laboriosam eos praesentium ipsa praesentium quo.', '127');
INSERT INTO reply VALUES ('200', '28', '91', '2019-07-11 09:55:04', 'Incidunt nostrum aut numquam. Beatae vitae sit beatae in. Voluptatum et et illum magni amet omnis quas. Quam nihil non dolores error ad.', '112');

-- ----------------------------
-- Table structure for `user`
-- ----------------------------
DROP TABLE IF EXISTS `user`;
CREATE TABLE `user` (
  `uid` int(11) NOT NULL AUTO_INCREMENT COMMENT '用户id，是用户的唯一标识',
  `nickName` varchar(50) DEFAULT NULL COMMENT '用户的昵称',
  `phone` varchar(50) DEFAULT NULL COMMENT '用户的手机号码，可使用该信息进行登录',
  `pwd` varchar(100) DEFAULT NULL COMMENT '用户登录的密码，在数据库中为加密状态',
  `email` varchar(100) DEFAULT NULL COMMENT '用户的邮箱地址，可用作登陆账户',
  `headImg` varchar(255) DEFAULT NULL COMMENT '用户的头像信息，本属性将采用本地存储的目录/文件名现资源的查找',
  `gender` char(2) DEFAULT NULL COMMENT '性别',
  `info` varchar(1000) DEFAULT NULL COMMENT '个人简介信息',
  `totalWordNum` int(11) unsigned DEFAULT NULL COMMENT '用户发表文章总字数',
  `totalLikeNum` int(11) DEFAULT NULL COMMENT '用户被喜欢总数',
  `totalFollowNum` int(11) DEFAULT NULL COMMENT '用户关注了多少人',
  `totalFansNum` int(11) DEFAULT NULL COMMENT '用户被多少人关注',
  `totalReceiveDiamonds` int(11) DEFAULT NULL COMMENT '用户总共收到的被打赏钻石数额',
  `diamondBalance` float(8,2) DEFAULT NULL COMMENT '用户钱包钻石余额',
  `totalArticleNum` int(11) DEFAULT NULL COMMENT '用户发表文章数目',
  `registerTime` datetime DEFAULT NULL COMMENT '用户的注册时间',
  `ext1` varchar(1000) DEFAULT NULL,
  `ext2` varchar(1000) DEFAULT NULL,
  PRIMARY KEY (`uid`)
) ENGINE=InnoDB AUTO_INCREMENT=201 DEFAULT CHARSET=utf8;

-- ----------------------------
-- Records of user
-- ----------------------------
INSERT INTO user VALUES ('1', 'Willie Maykit', '15503319874', '44BB58A0B53FE99FADC2E0B40CA3DE63', null, null, '女', 'Alias dicta tempore quia minima vitae quam et. Et at veritatis vel. Aspernatur cupiditate dolor animi quis.', '17742', '37', '8', '56', '3274', '1515.72', '94', '2019-06-07 03:35:03', null, null);
INSERT INTO user VALUES ('2', 'Justin Tune', '15366367871', 'EEFB0697AC4C670080C71810C2EB1891', null, null, '男', 'Ullam aut repellendus sunt ducimus eum voluptatem voluptatem. Consequatur magni animi et eos omnis totam voluptas. Et omnis et et repellat enim. Dolore quia iusto saepe.', '17475', '54', '15', '38', '1278', '283.54', '31', '2018-07-13 12:08:33', null, null);
INSERT INTO user VALUES ('3', 'Bo D. Satva', '17698236370', '950E5439E890B05584A091BFC464D194', null, null, '男', 'Et similique velit magni quo eaque tenetur ad. Quisquam aut esse expedita. Quia omnis nihil non eveniet voluptas. Qui consequatur fugit aliquam voluptates sit qui.', '14150', '60', '50', '23', '6569', '870.55', '73', '2019-04-08 07:46:07', null, null);
INSERT INTO user VALUES ('4', 'Rosa Shore', '15633364358', '710BC7368E650D3F0951401A94657ACA', null, null, '女', 'Molestiae fuga tempora ducimus deleniti. Omnis facere quia. Ab commodi quasi et doloremque qui. Quia fugit sunt sint quo voluptas in. Amet accusantium inventore placeat optio.', '18323', '37', '8', '1', '9010', '1502.11', '72', '2018-02-26 05:52:48', null, null);
INSERT INTO user VALUES ('5', 'Alf A. Romeo', '15073071503', '3379D91915ECEBA04814012DAABA3706', null, null, '男', 'Alias eos repellat odio adipisci nulla corporis quia. Ad delectus voluptas nostrum nobis facilis. Voluptatem suscipit illo nesciunt quisquam. Suscipit qui in sed et. Et exercitationem quos dolores quo occaecati et minima.', '9166', '6', '89', '34', '5342', '898.91', '39', '2019-06-07 22:36:16', null, null);
INSERT INTO user VALUES ('6', 'Lina Ginster', '15160356234', 'C8BE3F5F9BBD9659BEEC4D7A19BEA1E7', null, null, '女', 'Tenetur dolorum suscipit. Veniam dolorum sunt rerum. Ut architecto maxime corporis maiores aut. Maxime eos voluptas pariatur voluptatem ut perspiciatis.', '10860', '21', '22', '69', '9682', '1988.20', '82', '2018-03-28 22:21:20', null, null);
INSERT INTO user VALUES ('7', 'Chris P. Wheatzenraisins', '17504409060', '4C3A518639CAFAEA741C05752ADBFE12', null, null, '男', 'Reiciendis similique excepturi similique reprehenderit laboriosam soluta eum. Fugit occaecati est itaque. Distinctio numquam dolores qui ab omnis qui. Officia magni delectus dolorem est.', '6804', '84', '41', '44', '2385', '1244.27', '91', '2019-05-28 13:45:21', null, null);
INSERT INTO user VALUES ('8', 'Katy Litter', '15883342896', 'CBB1A17C23333FB6A1F68712BAD7F6F6', null, null, '男', 'Quaerat mollitia totam. Deserunt temporibus est quam. Quis vero velit. Exercitationem fuga nobis ut quidem quam. Et odio corporis ut dolorem porro sequi iste.', '1441', '56', '40', '11', '2879', '256.77', '12', '2018-06-26 18:41:14', null, null);
INSERT INTO user VALUES ('9', 'Penny Whistler', '14599163763', '8CE60C449152265DD55C706F87751546', null, null, '女', 'Sint et odit totam eligendi atque mollitia et. Ipsam ducimus harum qui et voluptatum illum. Harum ullam id neque modi. Dolor et aut dolore consequuntur ut dolorem dolorem.', '6790', '31', '76', '23', '7238', '1551.04', '84', '2019-01-29 16:15:48', null, null);
INSERT INTO user VALUES ('10', 'Trina Forest', '18460206926', '5079C2FFE40E29E644B55E4034588337', null, null, '男', 'Vel natus numquam ex. Fugiat modi et nemo. Qui corrupti et. Vel cupiditate quos sit voluptatibus. Perferendis excepturi incidunt possimus dolores corrupti nobis.', '9627', '86', '61', '82', '7555', '984.90', '85', '2018-11-06 00:16:41', null, null);
INSERT INTO user VALUES ('11', 'Ken Dahl', '18517498516', '0DEEB0DFF64B7D18E48E2D39ED2FBD1C', null, null, '男', 'Porro et sed ea modi laudantium architecto distinctio. Dignissimos et impedit est sequi cum itaque dolorem. Mollitia labore fugit. Ab voluptatibus natus deserunt eos.', '7768', '38', '75', '42', '6059', '271.37', '72', '2018-01-05 18:06:34', null, null);
INSERT INTO user VALUES ('12', 'Woody U. No', '17259544890', 'CB714CA4AB4F1B35B1E4B708901E18F4', null, null, '男', 'Aliquam consequatur et autem id. Impedit et est dolore. Aut cumque quia.', '9956', '31', '94', '66', '7630', '402.14', '4', '2018-06-24 02:59:08', null, null);
INSERT INTO user VALUES ('13', 'Al Kaholic', '15674802229', 'C2DB9ADFF8FBE04185717EEB7CF0EE53', null, null, '男', 'Natus autem voluptas aut. Voluptate et ut porro. Vero necessitatibus aliquam minus et qui omnis voluptate. Et veniam aut. Dolorum accusamus quam.', '6478', '42', '44', '1', '9973', '1196.59', '5', '2018-04-20 15:46:47', null, null);
INSERT INTO user VALUES ('14', 'Dusty Rhodes', '15247376573', 'FA7DF1F7B988365C9D819311ED99F634', null, null, '女', 'Hic quia est aut. Eius placeat et aut numquam nobis. Magnam dicta rem nemo labore modi ut impedit.', '2523', '17', '39', '6', '6977', '776.53', '14', '2019-01-20 10:57:16', null, null);
INSERT INTO user VALUES ('15', 'Ginger Vitis', '15795936588', 'DCAE8240B02F060AC128776BEBE2A0D2', null, null, '男', 'Sunt animi tenetur et neque. Vitae possimus quia. Velit molestiae adipisci enim non. Facere provident laborum ipsum error.', '13178', '60', '61', '28', '4967', '292.88', '56', '2018-07-15 20:05:34', null, null);
INSERT INTO user VALUES ('16', 'Ford Parker', '17227888674', '6EFD8FD3EFFB3B725C48590315C35A48', null, null, '女', 'Quod maiores reiciendis illo natus aut cumque. Natus perferendis perspiciatis adipisci ut aliquam deleniti. Nam ea officiis deserunt blanditiis praesentium est.', '18323', '48', '89', '21', '3902', '1134.79', '39', '2018-01-13 12:24:55', null, null);
INSERT INTO user VALUES ('17', 'Xavier Money', '17393494705', '2BC8252A774D2539312B07344E9ED8E0', null, null, '女', 'Deserunt et voluptatem illo. Enim et cum consequatur nisi nostrum. Voluptatem et odit. Occaecati dolorem quia non. Nihil non placeat aliquid voluptatibus ut voluptatem.', '12082', '58', '61', '20', '4609', '795.34', '24', '2019-05-11 22:24:40', null, null);
INSERT INTO user VALUES ('18', 'Joe King', '15974034201', '2B3D28691E128165AC7D7D30D980FE54', null, null, '女', 'Qui consequuntur saepe quia et. Illum laudantium et ut quo. Facere dolor nesciunt. Incidunt voluptatem repellat error eius distinctio et ut.', '5441', '47', '40', '39', '1337', '572.32', '2', '2018-06-17 05:56:27', null, null);
INSERT INTO user VALUES ('19', 'Jim Laucher', '14514247760', '199797CDD395ABF4629517FAB86B98B7', null, null, '男', 'Voluptates repudiandae perferendis voluptatem autem quibusdam sit. At quasi magni. Eos perferendis dignissimos necessitatibus autem. Sequi et est nulla voluptas. Non voluptatibus nisi ad qui.', '10960', '62', '17', '35', '2861', '475.60', '40', '2018-02-04 20:49:02', null, null);
INSERT INTO user VALUES ('20', 'Agatha L. Outtathere', '17661470551', 'A85D78DF23C624C6954A994935439888', null, null, '女', 'Qui velit consequatur accusantium dignissimos. Eum dignissimos aperiam. Neque minus sunt quis aut omnis ea quod.', '18476', '69', '63', '59', '295', '661.03', '96', '2018-02-28 20:50:53', null, null);
INSERT INTO user VALUES ('21', 'Sam Pull', '15306858566', 'EBE587D674453452178466745C98B846', null, null, '男', 'Quia et dignissimos vero atque. Ut qui nesciunt et quia voluptatem sed sunt. Unde nulla eligendi.', '19498', '59', '65', '88', '2889', '1878.35', '57', '2019-02-18 11:21:18', null, null);
INSERT INTO user VALUES ('22', 'I. P. Daly', '17612785486', '64F106473EC74C585174C8CB869179C4', null, null, '男', 'Excepturi autem quaerat. In tenetur libero harum sequi voluptas tempora. Quos aspernatur quasi et. Vero accusamus provident hic aspernatur neque dicta. Ullam vitae harum hic est.', '2062', '89', '38', '64', '3560', '1408.66', '97', '2018-04-14 04:47:39', null, null);
INSERT INTO user VALUES ('23', 'Igor Beaver', '15151881557', '6C441824C07180391DAD654AEE30FF56', null, null, '女', 'Impedit repudiandae eum. Quidem sunt libero minus. Eligendi maiores quae cum molestiae. Qui minus non.', '11818', '65', '92', '55', '9134', '1408.25', '13', '2019-01-24 21:56:31', null, null);
INSERT INTO user VALUES ('24', 'Brandy D. Cantor', '15955174649', '91A6137F4CF7907D5B6D22059C61A9B7', null, null, '女', 'Velit harum tempore cum quis tenetur atque. Quia et alias ut. Quis magnam molestias quia voluptatum pariatur ex totam.', '12902', '60', '46', '83', '4992', '815.26', '74', '2018-06-19 15:04:06', null, null);
INSERT INTO user VALUES ('25', 'Lily Livard', '17341495423', '174302DEA5CE64C652EE584888482AE0', null, null, '女', 'Accusamus deleniti maiores aut impedit labore. Commodi dolorem voluptatem aspernatur deleniti consequatur. Aut qui ipsam laudantium. Eligendi non quia est. Voluptatem veritatis ab molestias.', '9057', '3', '54', '50', '7556', '1851.55', '34', '2018-05-27 05:55:13', null, null);
INSERT INTO user VALUES ('26', 'Adam Zapel', '14554738140', 'B1DC36368D0D39B0D88200C3E5690905', null, null, '男', 'Atque sed sequi quia debitis aut et quia. Dolores sunt nam natus. Et distinctio rem. Laudantium nulla reprehenderit soluta enim dolores voluptas deserunt. Molestias distinctio suscipit consequuntur quasi.', '6580', '37', '33', '1', '2804', '811.96', '44', '2018-04-02 10:16:44', null, null);
INSERT INTO user VALUES ('27', 'Sam Urai', '15161523141', '99F50F674D456D88034EA490D7D32091', null, null, '女', 'Iste nam aspernatur cum et dolor sint est. Aut minima tempora quae temporibus consequatur aliquam. Magnam vero vel voluptas omnis quo ut. Harum ratione temporibus voluptates temporibus earum exercitationem. Libero rem quia placeat quidem.', '5728', '77', '4', '53', '1352', '505.16', '21', '2018-09-13 06:57:04', null, null);
INSERT INTO user VALUES ('28', 'Tyrone Shoes', '17576914940', '6FC8302BE6478EC0CB6B5ABF3DAFBB7F', null, null, '女', 'Vel qui nihil. Aut reprehenderit consequatur nostrum dicta est id consequuntur. Voluptatem delectus laborum. Eveniet aliquam eveniet et laboriosam ipsa ipsum eaque.', '8900', '73', '19', '64', '8348', '89.91', '74', '2018-03-22 05:32:17', null, null);
INSERT INTO user VALUES ('29', 'Nick O\'Time', '17032099701', 'C4A5B3C0E6890E1ABFC5A2223AF09978', null, null, '女', 'Similique cumque iure omnis itaque maiores unde ut. Doloribus quia quia repudiandae. Odit rerum iste iste similique.', '7314', '32', '83', '63', '7686', '934.10', '6', '2018-12-12 14:20:57', null, null);
INSERT INTO user VALUES ('30', 'Lisa Ford', '15945170734', '37F7CF25556B9E3AC8B80D5F18F8A3D3', null, null, '男', 'Deserunt ad molestiae repellat. Beatae aut ad alias nostrum totam libero. Incidunt ipsa non quo atque. Id dolorem dolores sunt.', '9873', '42', '57', '20', '3384', '400.74', '8', '2018-05-18 06:59:40', null, null);
INSERT INTO user VALUES ('31', 'Raynor Schein', '17634043776', 'DCB25D0A8455B4B9DC6F1559355F9C82', null, null, '男', 'Et blanditiis dicta omnis et repudiandae. Exercitationem dolore consequatur. Sit aut modi distinctio qui aut aut.', '7423', '16', '36', '12', '3862', '1201.41', '22', '2018-05-11 02:06:13', null, null);
INSERT INTO user VALUES ('32', 'Dustin D. Furniture', '17340259523', 'BA9375B03876BE959A421A5AA4E53FA0', null, null, '男', 'Accusantium debitis sunt. Pariatur dolorem repudiandae velit harum alias hic. Voluptatum porro facilis fuga neque ut. Aut et distinctio. Et et voluptates enim.', '7494', '52', '10', '0', '9160', '804.81', '88', '2018-06-02 07:34:20', null, null);
INSERT INTO user VALUES ('33', 'I. Ron Stomach', '15997415757', '23D57244DCE703C839C7EF7D34CDFACF', null, null, '男', 'Et ex incidunt exercitationem accusantium perspiciatis at assumenda. Vel blanditiis doloremque explicabo dolorem iusto consequatur perspiciatis. Odio expedita ducimus rerum et. Dolor ut sit quis in blanditiis libero.', '15200', '14', '42', '65', '4211', '419.84', '71', '2018-01-17 12:27:52', null, null);
INSERT INTO user VALUES ('34', 'Mark Mywords', '15288557885', '5CB2339487614E1138B3C5D5246794B5', null, null, '女', 'Amet cupiditate eum. Iure aliquid eaque alias quibusdam. Neque labore sunt. Ipsa itaque ipsa.', '13520', '12', '81', '26', '3578', '1684.76', '90', '2018-09-02 02:46:12', null, null);
INSERT INTO user VALUES ('35', 'Frank N. Stein', '15100853655', 'D15F0F551333F9CF3BA91D50D8C540E2', null, null, '男', 'Autem aliquid blanditiis. Enim suscipit est impedit illum qui possimus neque. Et neque nihil distinctio non voluptatem officiis.', '2000', '17', '79', '33', '5255', '1164.28', '39', '2018-07-27 09:41:20', null, null);
INSERT INTO user VALUES ('36', 'Katy Litter', '15706987334', '9F5A675FD8532226CB2129FD701BC8B1', null, null, '女', 'In quod sint quia impedit. Praesentium et impedit ad rerum accusantium in. Ullam repellendus ut. Numquam sed autem repellendus. Aliquam officia illo sed.', '9438', '51', '53', '90', '5540', '767.11', '26', '2019-01-05 21:41:25', null, null);
INSERT INTO user VALUES ('37', 'Bo Nessround', '17259395049', '6D8DAD1588787DB5AC7D191EEBFBB73C', null, null, '女', 'Animi dolorem doloribus vel inventore tempore. Cupiditate eaque atque sint nostrum ex nesciunt non. Doloremque voluptatibus est iusto eaque et beatae facere. Hic sit sit aut iure possimus.', '1191', '2', '27', '47', '1936', '342.71', '13', '2018-04-30 07:37:27', null, null);
INSERT INTO user VALUES ('38', 'Pete Zaria', '17600487100', '7A1BE2CA93AA57D12D1B3B10B745F12D', null, null, '男', 'Voluptatum dolores repellendus ex. Pariatur aut libero. Et qui consequatur quia magni quasi eum quia. At assumenda voluptatibus aspernatur. Eveniet minus vel occaecati magni non.', '17641', '60', '74', '69', '3062', '1412.22', '88', '2019-06-29 19:22:14', null, null);
INSERT INTO user VALUES ('39', 'Douglas S. Halfempty', '17296781816', '8BC8C6E02202F5F0285D92378E91CF35', null, null, '男', 'Voluptatem at sit quas et et. Aut in et. Aut iusto aspernatur voluptatum quia ut iusto quos. Ut dolorum corrupti et eos dolores.', '4630', '91', '90', '1', '9501', '32.99', '100', '2018-06-01 11:16:48', null, null);
INSERT INTO user VALUES ('40', 'Willie Maykit', '17270731919', '9298E0C60A24E31BF0DEC1B958252159', null, null, '男', 'Neque sunt odit. Nemo excepturi voluptate reiciendis et beatae. Necessitatibus autem officia quidem.', '10230', '76', '27', '0', '8319', '1928.28', '35', '2018-03-03 19:49:38', null, null);
INSERT INTO user VALUES ('41', 'Buck Ng', '15291072234', 'DA0BF0A088DAED906F5FF37AFC1C7525', null, null, '男', 'Nam deserunt maxime. Officia consequatur distinctio illo voluptas culpa adipisci. Et beatae eos fugiat.', '17259', '9', '67', '96', '3094', '1542.43', '78', '2019-05-05 13:14:31', null, null);
INSERT INTO user VALUES ('42', 'Moe Skeeto', '15197307398', 'D3DB3BB27EE205354D449DDBD86CC2C8', null, null, '男', 'Quia nihil et facere eos voluptas. Et est consequatur vel laborum. Harum consequatur quis mollitia velit ab et quia. Eos laboriosam nobis ratione.', '15604', '16', '52', '82', '510', '1927.30', '81', '2018-08-28 07:42:35', null, null);
INSERT INTO user VALUES ('43', 'Colleen Cardd', '15747875898', 'F89908B364EA839B6F3A9FD9B6159F2E', null, null, '女', 'Perspiciatis est facilis accusamus itaque nisi culpa. Architecto in dolor a quas odit quia. Nulla et sequi. Sapiente voluptates possimus magnam.', '6242', '55', '62', '20', '3271', '1009.21', '75', '2018-07-17 09:12:37', null, null);
INSERT INTO user VALUES ('44', 'Sarah Bellum', '13992877912', '78220E6F6EC196BD5FE0FF50C3BB9561', null, null, '女', 'Dolorum alias earum consectetur nesciunt. Nulla eligendi ratione. Nihil quia mollitia voluptates. Consequatur et culpa quas repellat. Quisquam molestiae necessitatibus delectus.', '4400', '25', '52', '55', '4824', '1264.18', '29', '2018-09-01 19:29:56', null, null);
INSERT INTO user VALUES ('45', 'Doug Witherspoon', '17375599503', '4DF3F3765646FC843AC1BF250E8B9ED6', null, null, '男', 'Dolorem est dolore quae omnis eos. Vel harum fuga modi. Vel et eos numquam qui unde et sed. Rerum dolorem at animi neque iure a velit.', '3271', '59', '74', '15', '4307', '1293.24', '20', '2018-10-13 02:27:15', null, null);
INSERT INTO user VALUES ('46', 'Gil T. Azell', '15942360542', 'C6D9211B87BF75126EEB49E18890B90C', null, null, '女', 'Est culpa sapiente ratione quidem. Minus aspernatur quisquam. Animi repellat animi nihil aut quam minima.', '3158', '21', '14', '11', '7062', '673.65', '13', '2018-08-10 20:57:20', null, null);
INSERT INTO user VALUES ('47', 'Dee Sember', '15113394008', '4DA68146B5CD68DC703CBF40CA06F965', null, null, '男', 'Voluptate consequatur commodi voluptatum numquam. Quas ipsum sed sed. Quis soluta quasi dolores sed ut sit sequi. Aut dignissimos sit.', '5977', '28', '47', '10', '2389', '1488.55', '6', '2018-11-22 02:33:17', null, null);
INSERT INTO user VALUES ('48', 'Herbie Voor', '18822924018', '7060CC7EA113615A2F377B3C9CD3339E', null, null, '女', 'Alias quas iusto laboriosam. Ab sed rerum officia est quo dolorum id. Facilis porro cumque et aut. At labore qui voluptatem.', '409', '76', '94', '15', '759', '1421.80', '90', '2018-12-18 20:57:16', null, null);
INSERT INTO user VALUES ('49', 'Bud Weiser', '15531578429', 'A4D492B328247EDBE204A4D5CBEBF6CE', null, null, '男', 'Neque quaerat non est a rerum saepe nihil. Molestiae quos tempora. Minus animi fugiat minus fuga ipsa. Magnam cupiditate recusandae nulla odio doloremque.', '4114', '98', '31', '45', '6628', '643.34', '33', '2018-06-07 18:17:18', null, null);
INSERT INTO user VALUES ('50', 'Chris Coe', '17575211165', '2932E2D53D4D321568E2FA9D866001FC', null, null, '男', 'Quia eius et pariatur nesciunt. Dolore ut aut impedit aut similique quasi. Maxime eum accusamus quae rerum eum ea. Nihil possimus ad alias. Quod sed dolores nam autem aut harum.', '19345', '63', '70', '80', '862', '951.29', '96', '2019-02-19 18:33:58', null, null);
INSERT INTO user VALUES ('51', 'Anna Prentice', '15335242557', '40FEAFDC91406ABD0EA33639423270A1', null, null, '女', 'Exercitationem dignissimos ut. Aliquid temporibus voluptas magni. Dolor facilis et veniam possimus. Voluptate eos est quia.', '4384', '19', '56', '68', '4428', '826.43', '79', '2018-05-10 23:26:37', null, null);
INSERT INTO user VALUES ('52', 'Annie Moore', '17550327723', 'FD9642ED83B0334FA8072CA7D7DAEB4C', null, null, '男', 'Sint exercitationem repellendus perferendis numquam quaerat. Dolorem consectetur omnis doloremque dolorum blanditiis. Quis velit praesentium sed et voluptates nesciunt. Repellendus amet quibusdam commodi dolores at animi.', '3884', '6', '73', '96', '9555', '1278.30', '7', '2018-09-02 20:45:34', null, null);
INSERT INTO user VALUES ('53', 'Clara Sabell', '15209104918', '7997C99F6156E504F4932F90AB16674C', null, null, '女', 'Ducimus aut provident excepturi doloremque. Vel recusandae neque. Vel sit quae at.', '6269', '74', '94', '79', '4490', '1912.18', '98', '2019-02-10 20:00:05', null, null);
INSERT INTO user VALUES ('54', 'Tad Moore', '15036831517', 'BA141D857E3E8C7C48047356BB1AF7DF', null, null, '女', 'Reprehenderit omnis ea at illum et illo quia. Eos sed quidem ab. Et ex rerum.', '19690', '52', '52', '7', '3786', '1726.04', '71', '2018-04-08 19:29:14', null, null);
INSERT INTO user VALUES ('55', 'Jane Linkfence', '15210226130', '0177F32A5B837EE6C77AFCA5998B4610', null, null, '男', 'Cumque minima voluptatem voluptate. Adipisci iusto blanditiis provident et ab magnam tempora. Autem veritatis ipsa ea tenetur eveniet. Enim pariatur placeat quos.', '19646', '37', '80', '96', '5461', '893.62', '59', '2019-02-06 02:34:42', null, null);
INSERT INTO user VALUES ('56', 'Kay Mart', '14547214557', '77A65F6AE06026CA6DCD14CFC829102B', null, null, '男', 'Illo consequatur sed consequatur nostrum et labore. Commodi quisquam ut magni aut exercitationem non aut. Eius incidunt maxime illo sunt quia ducimus.', '19160', '30', '44', '58', '5945', '1290.01', '83', '2018-03-18 11:10:37', null, null);
INSERT INTO user VALUES ('57', 'Joe King', '17334041324', 'EF7473E9101F42475DE047EC5F3D9158', null, null, '女', 'Et qui dolor voluptas. Et excepturi reiciendis accusantium eos dolor. Alias delectus quia quo ut reprehenderit.', '16862', '39', '78', '3', '3343', '1769.18', '38', '2018-02-15 21:02:28', null, null);
INSERT INTO user VALUES ('58', 'Nida Lyte', '18266759640', 'B7AD6E5F66784D5F3BA5FD98472CEC1A', null, null, '男', 'Ipsum magni quia. Laborum voluptas enim reprehenderit velit. Aut qui voluptatibus qui. Quia nobis sequi enim qui. Quidem impedit beatae ratione iusto.', '6830', '4', '57', '40', '8878', '975.85', '41', '2018-02-27 05:23:37', null, null);
INSERT INTO user VALUES ('59', 'Hy Price', '17316906006', '50C50F5F606BA103CEB3DC87590BD40B', null, null, '男', 'Nulla omnis nostrum a excepturi in. At quae aliquid. Distinctio quidem aut. Magni consequatur optio. Velit quidem soluta quas veritatis quo soluta.', '3564', '5', '53', '91', '4363', '1571.73', '90', '2019-05-16 17:21:59', null, null);
INSERT INTO user VALUES ('60', 'Cam Payne', '14723375876', '506B71BF9EE43066C9CB9A1F9855CD4B', null, null, '男', 'Omnis aspernatur dolores eveniet omnis doloremque enim rerum. Debitis et adipisci perspiciatis quo voluptas et voluptates. Et ipsam occaecati et.', '17331', '12', '94', '37', '5181', '931.09', '28', '2019-05-11 04:08:22', null, null);
INSERT INTO user VALUES ('61', 'Dusty Storm', '17399264072', '6703D611684E059836947BCFE2263058', null, null, '男', 'Libero aspernatur dolor. Aspernatur perspiciatis magnam. Non reprehenderit ex veniam accusamus impedit eum.', '15962', '45', '10', '10', '2816', '1940.27', '70', '2018-10-19 23:23:24', null, null);
INSERT INTO user VALUES ('62', 'I. M. Boring', '15285026458', '67D450B27DD03077757D77EB987C99A4', null, null, '男', 'Sapiente laudantium officia temporibus. Debitis officiis tempora pariatur expedita repudiandae sed soluta. Ullam et illum aliquid quaerat iusto.', '7819', '88', '68', '40', '8538', '908.08', '67', '2018-10-26 11:02:42', null, null);
INSERT INTO user VALUES ('63', 'Jed I. Knight', '15732829328', '1E80E15A79C7099017E6026C50372A8B', null, null, '女', 'Et velit animi. Deleniti sunt qui. Dicta eligendi laboriosam quis.', '11209', '7', '11', '70', '4242', '719.60', '25', '2018-06-16 18:09:02', null, null);
INSERT INTO user VALUES ('64', 'Jack Hammer', '17134424226', '961B74E452594FFF96DC0076D6E93975', null, null, '女', 'Beatae ea tempore qui alias harum est eligendi. Quis itaque dolorem quia reiciendis. Nihil ab nesciunt est sint aliquid aut magnam. Adipisci voluptatem voluptas natus beatae magnam consequatur molestiae. Odio quis velit suscipit vel ab alias.', '12585', '72', '49', '31', '5597', '873.74', '23', '2019-05-07 09:31:28', null, null);
INSERT INTO user VALUES ('65', 'Claire Annette Reed', '17076950830', 'A03FFE868FA3BE8F054FADC9222871A3', null, null, '男', 'Ut provident dolorem est. Atque iure officiis aperiam iure voluptatum et enim. Tenetur consequatur doloribus quia velit.', '9301', '37', '11', '46', '5259', '209.89', '42', '2018-06-15 15:50:33', null, null);
INSERT INTO user VALUES ('66', 'Ty Coon', '17237280818', '3EF39350170CEA63F53749B3090018B5', null, null, '男', 'Aut ullam illo reiciendis nihil. Ratione eos unde ut in. Et est eos.', '8749', '71', '9', '36', '9503', '428.24', '40', '2018-01-23 04:29:27', null, null);
INSERT INTO user VALUES ('67', 'Phil DeGrave', '13178518346', '49C9CE4C142174B25B83589DEAA5BFC8', null, null, '女', 'Iure asperiores quisquam placeat dicta ut inventore. Libero repellendus consequuntur qui mollitia. Odio ea harum est explicabo. Voluptas et repellendus.', '15841', '42', '13', '40', '1740', '1511.52', '75', '2018-04-16 19:32:09', null, null);
INSERT INTO user VALUES ('68', 'Mandy Lifeboats', '17623921566', 'EFE14E805B1B37A2B86F7671C5ED2F9D', null, null, '男', 'Natus ea harum nam exercitationem. Quia natus nihil. Similique voluptatem temporibus quo quam.', '12960', '99', '36', '94', '188', '272.88', '55', '2018-04-14 05:51:49', null, null);
INSERT INTO user VALUES ('69', 'Hayden Seek', '17857785446', 'B3189F372C4B839D78AD88C146A4C85C', null, null, '男', 'Inventore animi placeat quod soluta qui sapiente. Modi quas impedit. Et accusantium occaecati non et aut tempora.', '17278', '67', '43', '50', '5721', '829.86', '50', '2018-10-29 00:03:46', null, null);
INSERT INTO user VALUES ('70', 'Ann Chovie', '15329107869', 'B68412AE2DA3E9B43ACA6FBD58F1FB5E', null, null, '女', 'Corporis animi doloremque consequatur provident natus aliquam voluptates. Laborum explicabo rerum. Nisi dolores perspiciatis sed neque.', '7507', '39', '7', '67', '8042', '1330.67', '86', '2019-03-02 07:01:38', null, null);
INSERT INTO user VALUES ('71', 'Bess Eaton', '15644389735', '1BF44AB0DF3C5CB9BB1F1178C49439ED', null, null, '女', 'Ipsam et magnam voluptas et voluptas. Voluptates impedit vel. Eos et est sit autem amet velit provident.', '5702', '95', '6', '86', '3047', '163.74', '80', '2018-07-26 00:52:46', null, null);
INSERT INTO user VALUES ('72', 'Bob Frapples', '15944266551', 'E72C8A36155D15B4A259BF4D6F25BF62', null, null, '男', 'Maxime quo ut odio recusandae minima. Commodi dicta nobis dolorum omnis veritatis provident. Et accusamus iure explicabo. Explicabo soluta enim qui quia.', '5988', '58', '7', '30', '1107', '826.69', '43', '2018-09-17 03:32:57', null, null);
INSERT INTO user VALUES ('73', 'Ken Dahl', '17288423847', '9A9D469C46F845BDCC10EE28210F4432', null, null, '女', 'Ut voluptas commodi atque iusto. Tenetur voluptatum deleniti sit voluptates dignissimos exercitationem molestias. A sapiente odio libero.', '12836', '6', '19', '90', '6396', '1642.23', '76', '2018-09-21 06:04:24', null, null);
INSERT INTO user VALUES ('74', 'Park A. Studebaker', '17178775764', '5865AB79246A19DE91188A2AADD0D004', null, null, '女', 'Quia adipisci facere sit quasi aspernatur non eos. Fugit architecto accusamus quo minima nisi ratione. Necessitatibus aut sunt omnis non. Harum eveniet voluptas porro nesciunt.', '6216', '57', '75', '59', '8658', '1731.10', '48', '2019-02-04 23:29:38', null, null);
INSERT INTO user VALUES ('75', 'Tom Morrow', '13038491352', '5623FB98A80407D05B70FDDE803F9BBE', null, null, '男', 'Blanditiis eos ut aperiam delectus consectetur. Commodi est ut fugiat. Ducimus maxime aspernatur illo veniam quia. Est voluptatem ut dicta quisquam.', '12570', '65', '16', '27', '4101', '1728.80', '14', '2019-03-30 06:33:04', null, null);
INSERT INTO user VALUES ('76', 'Bess Eaton', '17537119948', '71187CF74A07D1F94DB991F4F9CE5ADE', null, null, '男', 'Velit aspernatur ducimus tenetur impedit. Qui culpa esse magnam incidunt quia perspiciatis. Cupiditate vitae voluptas inventore ea.', '4205', '54', '54', '58', '4531', '1450.69', '26', '2018-11-21 04:00:22', null, null);
INSERT INTO user VALUES ('77', 'Jed Dye', '17818512296', '1DB1DDB4248C1C1E3A12D4187C38F62A', null, null, '男', 'Animi qui et. Omnis sit veniam dolorum omnis ad esse. Accusamus alias qui consequatur ut laborum repellat voluptatem. Ut deleniti et qui minus. Perspiciatis est in.', '3312', '73', '22', '9', '353', '67.05', '86', '2018-03-13 22:06:42', null, null);
INSERT INTO user VALUES ('78', 'Howard I. No', '17699334017', '697ADEAE9915974730996AEC6F494B5F', null, null, '女', 'Officia voluptatibus id ducimus excepturi magnam nisi aspernatur. Explicabo dolorem dolorem nostrum fugiat. Dolores error qui dignissimos optio est ea quibusdam. Qui sit sint tempora.', '3948', '5', '48', '69', '8171', '1983.20', '52', '2018-08-11 11:39:14', null, null);
INSERT INTO user VALUES ('79', 'Melba Crisp', '17033080629', '4A6F98C623C96F8D931E4ECF55E44996', null, null, '男', 'Ab delectus nihil. Distinctio dolor qui dolorum et. Et ullam nesciunt quaerat aut molestias laudantium.', '9804', '8', '75', '20', '9798', '1714.85', '1', '2018-07-27 12:36:44', null, null);
INSERT INTO user VALUES ('80', 'Hal E. Luya', '15068724927', '311B8EBB1925F291304352A72378F768', null, null, '女', 'Voluptatibus rem alias enim fuga commodi. Magnam omnis quis qui id ipsum fuga maiores. Ea modi facere. Rem hic corporis.', '17173', '21', '31', '90', '4477', '624.64', '51', '2018-11-08 11:14:24', null, null);
INSERT INTO user VALUES ('81', 'Bill Dollar', '15220182983', '7A4255558230A98D45A6A1B128AAF1EF', null, null, '男', 'Aut veritatis modi. Quia eligendi eaque. Ad quibusdam voluptatem eos culpa quas est. Autem voluptatibus eos quidem animi consectetur vel.', '16455', '85', '31', '93', '2990', '1978.66', '52', '2019-01-12 04:36:02', null, null);
INSERT INTO user VALUES ('82', 'Ali Gaither', '14703518624', '242E7434E79E809DD080E23E3DEFB689', null, null, '男', 'Eos qui et mollitia. Et et quia. Rerum autem animi molestiae. Facere ratione debitis hic voluptas nihil earum nesciunt. Consectetur rerum cumque accusamus.', '10755', '60', '62', '95', '1520', '19.38', '5', '2019-02-01 11:05:11', null, null);
INSERT INTO user VALUES ('83', 'Zeke N. Yeshallfind', '15819152782', '659B63434253721ED280ABA5B5C914CE', null, null, '男', 'Sint nesciunt enim ut expedita. Est voluptas eaque mollitia distinctio distinctio est doloremque. Nihil quisquam quos et. Velit dignissimos reprehenderit ratione. Eum ad aliquid.', '4410', '43', '17', '96', '8631', '160.91', '69', '2018-08-30 16:07:26', null, null);
INSERT INTO user VALUES ('84', 'Don Key', '17220154192', '6A2337BB9842DE1240685503B2335366', null, null, '男', 'Dolor illum fuga autem rem hic. Officiis debitis et vitae impedit nam velit. Ex consequuntur voluptatem et ut omnis magni ipsam. Ut tempora hic. Error reiciendis deserunt est dolores ut.', '9786', '38', '0', '95', '8596', '746.42', '30', '2018-04-22 06:34:25', null, null);
INSERT INTO user VALUES ('85', 'Anita Job', '14770305258', 'C58AAE93ED4A684EE2063BFD6C883986', null, null, '男', 'Sunt et et occaecati vero nesciunt ipsa aspernatur. A eius illo vero exercitationem nesciunt. Et at corrupti sed ad velit. Repellat praesentium sit error eum sequi voluptatum. Ut impedit ducimus sint aut.', '15698', '60', '50', '86', '7084', '1249.38', '43', '2018-04-27 04:15:55', null, null);
INSERT INTO user VALUES ('86', 'Corey Ander', '15757745729', 'FDB854DD55A008AAFD8CE545C89D67FA', null, null, '女', 'Aut ex reiciendis aliquam. Consequatur repellat deserunt debitis sint laborum quibusdam laboriosam. Similique repellendus eveniet optio deserunt. Neque rerum explicabo voluptatem esse. Quis reprehenderit hic cum aut ipsam omnis.', '9135', '84', '47', '45', '9632', '7.65', '26', '2018-08-13 13:10:59', null, null);
INSERT INTO user VALUES ('87', 'Marsha Mellow', '13855636719', '225A1593BDEF48C2BB433D1FB7B1FCD4', null, null, '男', 'Voluptatem ab nemo quod. Similique quam quia. Ut qui sint. Ut mollitia reprehenderit quaerat eum aut.', '18578', '43', '85', '67', '6910', '290.10', '1', '2018-04-06 02:19:12', null, null);
INSERT INTO user VALUES ('88', 'Lynn Guini', '13347187735', '711D725B2146C290A68DA2F87DE577DE', null, null, '女', 'Consequatur dolores sequi. Est velit voluptatem. Consequatur eos rerum.', '5485', '63', '86', '0', '5653', '1427.55', '26', '2019-06-09 09:19:18', null, null);
INSERT INTO user VALUES ('89', 'Evan Keel', '15311965300', 'DAB41F76AA124517DFD1994CB8AEDC3A', null, null, '男', 'Rerum quia eum enim molestiae enim voluptatem nihil. Sapiente quidem molestias porro exercitationem. Dicta architecto non.', '11693', '86', '74', '100', '7534', '267.45', '26', '2018-08-18 16:13:43', null, null);
INSERT INTO user VALUES ('90', 'Hazel Nutt', '15841501963', '5E9D19A67642E47ADADD361B66AC84A8', null, null, '女', 'Consequatur unde rerum et consequatur. Esse voluptatum excepturi aliquid expedita delectus delectus quia. Et repellat aut cum.', '2009', '41', '14', '98', '713', '1054.62', '53', '2018-03-31 08:31:07', null, null);
INSERT INTO user VALUES ('91', 'Wilma Leggrowbach', '15310389679', '5CBAEF6C5833BE13015AABA442882A36', null, null, '男', 'Et necessitatibus mollitia voluptate. Praesentium vero omnis et est sed. Harum velit inventore ut necessitatibus est iste. Rem tempora et sit aperiam aut. Odit nam cumque sit.', '14966', '47', '46', '90', '960', '470.73', '87', '2019-06-22 01:27:02', null, null);
INSERT INTO user VALUES ('92', 'Sam Manilla', '15850998180', '024FEA9390050A1D8231EDC111965800', null, null, '男', 'Magnam placeat ab mollitia qui nam deserunt ipsam. Dolorem consequuntur sed. Reprehenderit qui exercitationem hic quas nisi suscipit.', '8801', '12', '86', '56', '2664', '1189.79', '78', '2018-05-15 07:34:03', null, null);
INSERT INTO user VALUES ('93', 'Justin Case', '17609692578', '31FCD9CB45B85ECC7E4ED6FED1EE30DE', null, null, '女', 'Ea quia accusamus. Porro et est et voluptatibus officiis perferendis. Vitae quis velit.', '19111', '17', '96', '11', '440', '536.77', '26', '2019-03-25 19:13:27', null, null);
INSERT INTO user VALUES ('94', 'I. Pullem', '18243885421', 'F8684EEDAEB33B2412293257946B3440', null, null, '男', 'Cupiditate similique est consequuntur. Blanditiis consequatur numquam. Accusantium asperiores placeat voluptatibus. Qui rerum et non sed recusandae omnis rerum. Ut nobis repudiandae sit natus.', '9148', '52', '19', '86', '4208', '1114.47', '98', '2019-04-21 16:01:49', null, null);
INSERT INTO user VALUES ('95', 'Polly Dent', '15013400042', '1B4DBABF5A7972D814E24B1550F808F8', null, null, '男', 'Laboriosam dolor molestiae doloremque aut dolor molestias. Odio nulla doloribus rerum et occaecati sed. Aut eum animi voluptatum voluptatem similique.', '8411', '6', '10', '98', '9718', '1962.02', '10', '2018-04-21 09:07:39', null, null);
INSERT INTO user VALUES ('96', 'Woody Forrest', '17727905151', '54D21BFC6EEBD6BC471EDC0C3637D48F', null, null, '女', 'Quam beatae fugit quibusdam neque. Temporibus ea animi accusamus in autem exercitationem. Ab deleniti qui molestiae saepe mollitia qui. Praesentium possimus iste est quia omnis minus enim. Sunt ut omnis ut.', '14607', '77', '90', '31', '5968', '466.73', '59', '2019-06-11 22:07:41', null, null);
INSERT INTO user VALUES ('97', 'Chris Cross', '17689369065', 'DCEDAD5D578FB6A5D07C3D144561B550', null, null, '男', 'Repudiandae rem et quia exercitationem quas aspernatur. Vel esse est deserunt in. Culpa adipisci accusamus.', '7806', '65', '20', '62', '684', '447.55', '62', '2019-04-06 03:50:22', null, null);
INSERT INTO user VALUES ('98', 'Hy Marx', '14504098515', '449E0885DD865991FD2B9663FA78BE97', null, null, '男', 'Temporibus et animi. Quam sequi magni animi omnis. Facere voluptatibus neque porro ab.', '15205', '93', '30', '16', '5516', '837.59', '32', '2018-02-05 12:07:21', null, null);
INSERT INTO user VALUES ('99', 'Eve Ning', '17086341719', 'C2FE0A5E5FE42638EA38EE65CA8CB9E0', null, null, '男', 'Laboriosam sint asperiores repellat perspiciatis. Placeat dolores blanditiis et molestiae facilis recusandae. Sed dignissimos reprehenderit soluta. Illo rerum nemo itaque dicta. Harum sit aut id enim similique iste.', '12610', '70', '90', '94', '5529', '845.30', '76', '2019-04-11 07:34:09', null, null);
INSERT INTO user VALUES ('100', 'Cody Pendant', '17090243289', 'EAD7C5519EAD6F9E9F1960115551B269', null, null, '女', 'Quam nesciunt facilis vero vel maiores labore quis. Earum magni reiciendis. Alias quo quam velit laborum est aut illum. Minus perspiciatis consectetur voluptas reiciendis facere. Laudantium totam atque dolores sint laudantium a aliquid.', '17432', '73', '60', '23', '1096', '1713.74', '82', '2018-12-20 15:12:57', null, null);
INSERT INTO user VALUES ('101', 'Dan Druff', '17683003797', 'A85A396CCBE1E8520363EDAC2CE86355', null, null, '女', 'Quaerat laboriosam quas ipsa incidunt eligendi quae qui. Sint vitae voluptas. Totam tempore dolor. Qui voluptatum quod alias. Omnis accusamus rerum omnis qui.', '9331', '55', '30', '33', '8895', '32.78', '84', '2019-02-13 02:01:50', null, null);
INSERT INTO user VALUES ('102', 'Pat Pending', '15247344199', 'E063D7ABED3A6A659EA0B5D5426A682C', null, null, '女', 'Eum quidem dolor maxime tempora est iste. Dolores quia qui illum odio voluptatum pariatur quam. Veniam voluptas dolorem illo qui ea qui soluta.', '14361', '56', '71', '97', '1185', '1022.67', '72', '2019-04-08 08:58:28', null, null);
INSERT INTO user VALUES ('103', 'Al K. Seltzer', '14701619962', 'DEF96403AFD4BB261B626A57566C2880', null, null, '男', 'Vel nam quos. Neque est minus ut voluptatibus cupiditate. Maiores ab culpa vel reprehenderit vel.', '3811', '16', '64', '86', '9240', '1015.03', '9', '2019-04-26 10:10:22', null, null);
INSERT INTO user VALUES ('104', 'Candy Barr', '15239131684', 'F2EBC126AAD97D10FB94C8F5D58C5FA1', null, null, '女', 'Occaecati pariatur vel. Ducimus cupiditate et rerum. Nesciunt ea ipsum dolores corporis autem. Explicabo ut alias repudiandae accusantium ipsa. Eveniet quas ratione distinctio dolorem libero.', '15970', '12', '6', '39', '2643', '7.12', '27', '2018-06-25 05:14:05', null, null);
INSERT INTO user VALUES ('105', 'Sir Fin Waves', '17202601358', 'E20D34FDEC840DDC2A9D5C2C3C02341C', null, null, '女', 'Libero id eos est aliquam ut ut. Autem totam qui culpa doloribus repellendus. Numquam quasi ut. Voluptate autem tenetur ducimus omnis assumenda possimus. Sunt beatae error quidem.', '8419', '12', '38', '36', '5498', '990.51', '10', '2018-02-24 19:54:47', null, null);
INSERT INTO user VALUES ('106', 'Bo Nessround', '17043777981', 'C6B6D7F0566EF7B14F9A92124E0F301F', null, null, '女', 'Eaque aut dolores animi commodi. Doloribus inventore natus ipsa et nemo nulla itaque. Debitis dignissimos aut accusantium expedita ab ducimus tenetur.', '14186', '22', '72', '64', '9562', '931.21', '67', '2018-10-29 00:00:30', null, null);
INSERT INTO user VALUES ('107', 'Denny Juan Heredatt', '15674215038', 'FB49FD35587D08C8DE51EA4F126EC3A6', null, null, '女', 'Quia provident harum. Voluptatem corporis incidunt non qui a. Sunt soluta itaque rerum voluptates. Temporibus doloribus laborum vel.', '5674', '74', '45', '12', '1315', '1684.51', '6', '2019-05-17 14:23:48', null, null);
INSERT INTO user VALUES ('108', 'Lily Livard', '17560863051', '33DB1CC409EE55F178D24FD1DFB93624', null, null, '男', 'Aliquam commodi consequatur. Aut consequuntur soluta sed quia soluta dolores sint. Recusandae dolorem odit animi fugiat blanditiis. Et alias quo repellendus.', '5810', '4', '11', '69', '7891', '1628.91', '30', '2019-02-05 08:33:15', null, null);
INSERT INTO user VALUES ('109', 'Izzy Backyet', '17531615511', '0F42D75A346E120CD5870F04820031C3', null, null, '女', 'Tempore nam dolorum excepturi et accusamus corporis dolorem. Corrupti libero asperiores et natus debitis. Molestias libero nostrum.', '12027', '0', '19', '10', '5508', '1091.04', '31', '2018-05-07 15:09:33', null, null);
INSERT INTO user VALUES ('110', 'Dwayne Pipe', '15832349307', '40E22ED9D2095896E5BEA17A00464FFF', null, null, '女', 'In et tempora qui aut. Non nulla praesentium consequatur rem magni magnam. Ut eum est aut.', '2705', '89', '63', '43', '3866', '568.44', '67', '2018-09-19 16:38:31', null, null);
INSERT INTO user VALUES ('111', 'Sue Shi', '15087622506', 'E9DC98659943D101971A36B18F6C3651', null, null, '男', 'At nisi fugit aut maxime. Sunt quasi totam voluptatum consequuntur. Quibusdam commodi sed eos expedita rem quos et. Veritatis doloremque voluptatem et repellendus error repudiandae molestiae. Deleniti rerum quibusdam.', '17443', '43', '56', '83', '2807', '1569.10', '40', '2018-12-15 11:59:15', null, null);
INSERT INTO user VALUES ('112', 'Alec Tricity', '17013562510', '486D3D81F009DFA7D24FC5D920E855A9', null, null, '男', 'Harum soluta vel perferendis enim a ut facere. Quibusdam reprehenderit porro reprehenderit et. Est quo error eum et adipisci sunt modi. Rerum porro iusto. Numquam dolore voluptates ad sunt officia laboriosam.', '19101', '49', '92', '86', '2436', '140.17', '2', '2018-10-02 10:02:32', null, null);
INSERT INTO user VALUES ('113', 'Theresa Green', '15684812428', '40087CA81AA1D8E0DE6BFD3C9D244974', null, null, '男', 'Quis ut est. Reiciendis quas aut. Et ducimus nesciunt illo impedit. Exercitationem atque numquam incidunt earum facilis ex. Unde eveniet in laboriosam accusamus consequatur.', '3177', '16', '93', '81', '3760', '1993.57', '87', '2019-01-02 01:06:38', null, null);
INSERT INTO user VALUES ('114', 'Liv Good', '14730036985', '0E482BEB48CEFFFE59BEDBB02FE2F6DC', null, null, '男', 'Incidunt voluptatem mollitia aliquam voluptates quia ab. Omnis dolores dolor id. Cumque aut error alias.', '18580', '31', '89', '46', '1491', '1547.33', '29', '2018-03-18 12:07:46', null, null);
INSERT INTO user VALUES ('115', 'Frank N. Stein', '18336419638', 'CFF6ACF0F2EA30A3B4E43A30DFE4F859', null, null, '男', 'Sed magnam quia tenetur sapiente provident. Aut et debitis error. Deserunt assumenda fugit non.', '3369', '7', '64', '90', '6176', '1755.95', '87', '2019-06-30 03:07:14', null, null);
INSERT INTO user VALUES ('116', 'Bill Foldes', '15708247640', '25F6A90A58E40D48AD83550A9EC2BB56', null, null, '男', 'Temporibus aperiam hic voluptas dolorum quo aspernatur. Consequatur fugit et ad ut corrupti cupiditate officia. Assumenda illum earum aut veritatis esse quia est. Eum occaecati excepturi.', '1107', '43', '53', '10', '6408', '137.76', '45', '2018-05-18 02:33:16', null, null);
INSERT INTO user VALUES ('117', 'Misty Meanor', '17119035062', '12C7FE424838A4A0FC803219028E479B', null, null, '女', 'Recusandae adipisci ipsa molestias quam culpa quis ullam. Hic velit ipsa debitis. Tenetur sit deserunt id. Molestiae amet ipsa et. Ipsa cupiditate nihil id similique et.', '15425', '95', '72', '80', '3511', '1420.92', '66', '2019-03-08 02:01:02', null, null);
INSERT INTO user VALUES ('118', 'Art Painter', '14568929620', '5D0586A04B81194227ABD6D16056F2CE', null, null, '男', 'Labore non quam provident et et molestiae blanditiis. Voluptatibus odit iste. Mollitia id et voluptatem amet.', '13805', '46', '2', '70', '8332', '691.36', '93', '2018-11-10 09:27:11', null, null);
INSERT INTO user VALUES ('119', 'I. Ball', '17619505116', '7516606095E6A3F1EDC03C221E29B852', null, null, '女', 'Et amet minus autem molestiae. Fugit laudantium eius saepe quisquam nostrum reiciendis. Odit aut sunt reiciendis quasi eveniet. Ratione tenetur velit voluptas. Sequi voluptas nostrum cum.', '2752', '45', '93', '9', '1126', '1194.01', '68', '2018-05-31 12:04:47', null, null);
INSERT INTO user VALUES ('120', 'Chris P. Wheatzenraisins', '15213302231', 'B048B5203C195D5DDF31444C4538C577', null, null, '男', 'Facere quia odio. Voluptatem dolorem doloribus dicta aut sequi. Asperiores quos eligendi porro consequatur harum nesciunt et. Nesciunt magni enim ut laboriosam est quae.', '12344', '86', '62', '34', '633', '1895.99', '61', '2019-03-21 23:29:34', null, null);
INSERT INTO user VALUES ('121', 'Jim Shorts', '15878273509', '13AD29361544CD1DF8DFB718A325A8BD', null, null, '女', 'Enim qui a eum eos aliquam nulla dolorem. Accusantium mollitia repudiandae minima. Praesentium voluptatem animi occaecati sunt mollitia omnis perferendis. Est enim quisquam est quis.', '13464', '95', '28', '46', '9788', '1897.90', '3', '2019-06-19 07:36:52', null, null);
INSERT INTO user VALUES ('122', 'Shirley Knot', '15764002111', '877545FC915AE59037603BCAB1746A53', null, null, '男', 'Cum quasi explicabo et quaerat amet. Sed unde aperiam libero assumenda. Et molestias voluptatem. Consequatur accusantium occaecati accusamus enim distinctio.', '10288', '17', '54', '28', '7040', '1801.54', '30', '2018-09-26 16:54:41', null, null);
INSERT INTO user VALUES ('123', 'Sam Manilla', '14536406169', 'D66B50A2535D564D23C823843BDB738E', null, null, '女', 'Quia facere reprehenderit ipsa. Accusamus repellendus cum. Et debitis placeat sed non autem veritatis ea. Excepturi quae aliquam error earum.', '11047', '0', '88', '1', '5835', '1314.02', '39', '2018-11-02 22:38:50', null, null);
INSERT INTO user VALUES ('124', 'Jack Pott', '14577893165', 'FE7496F6FFF5666DE0B1B9017882EC92', null, null, '男', 'Id sed et nostrum enim esse soluta deserunt. Repudiandae cumque consectetur sed totam ab. Aut quae alias quis magnam delectus sapiente velit. Vitae magnam est ut deserunt modi eaque. Est ut voluptatem quo sunt similique qui.', '4371', '51', '78', '21', '8057', '1165.45', '8', '2018-04-05 05:58:50', null, null);
INSERT INTO user VALUES ('125', 'Ryan Coke', '15770766051', '0A1B23F983FA512CA7387A6094503BED', null, null, '女', 'Magni fugiat modi porro. Provident soluta et voluptatibus. At consectetur vero delectus fugiat autem iusto ut. Reprehenderit ipsa quis ut soluta perspiciatis ab.', '8714', '52', '23', '4', '2780', '1885.18', '21', '2018-09-26 08:32:28', null, null);
INSERT INTO user VALUES ('126', 'Rex Easley', '15904371298', 'DBED76F3C3805911983DFA1B4A99FE3E', null, null, '女', 'Laboriosam libero accusamus accusantium quis. Laborum occaecati ipsa possimus ducimus corrupti aspernatur repellendus. Quis voluptas doloremque. Aspernatur dolorem ut ab et et.', '10457', '10', '85', '54', '9730', '1929.57', '84', '2018-04-02 11:13:19', null, null);
INSERT INTO user VALUES ('127', 'Joy Kil', '17015066873', 'F05FACAC4B8047C62AD04CAD2D94CE2D', null, null, '女', 'Iure nisi rerum nisi sint odit quia quod. Fuga quia labore ut officiis inventore ex. Incidunt voluptatem atque. Accusamus aut vel ut sapiente sed.', '6144', '92', '53', '59', '308', '1992.30', '54', '2018-10-17 21:24:53', null, null);
INSERT INTO user VALUES ('128', 'Earl Lee Riser', '15701086347', 'E7FB014BAB5FA6EDA51CEAFD20BFFE46', null, null, '男', 'Veritatis consequatur dolores. Ut excepturi rerum et minus eius. Tempore magnam explicabo esse quos aut id.', '19350', '31', '10', '32', '2350', '172.79', '19', '2019-03-25 17:06:41', null, null);
INSERT INTO user VALUES ('129', 'Sue Jeu', '15809767209', 'FBD8FED7E8DBDFA1AD69112136E54010', null, null, '女', 'Sint cum explicabo consequatur voluptas consectetur cumque aut. Sint quia aperiam. Odio rem et dolores.', '18319', '78', '90', '85', '827', '887.05', '32', '2019-02-16 20:54:12', null, null);
INSERT INTO user VALUES ('130', 'Hazel Nutt', '17099958518', 'A9354AED57C729DDC0C06625417CDFFF', null, null, '男', 'Eius dolorem optio laboriosam qui dolor excepturi quod. Velit illum nemo labore natus. Est voluptate corporis.', '13543', '99', '21', '30', '7086', '1916.90', '4', '2018-05-10 05:37:01', null, null);
INSERT INTO user VALUES ('131', 'Earl E. Byrd', '15332446415', 'ACDBACD998FD2A4CEC94C8730A971DF2', null, null, '女', 'Maiores porro soluta quis. Nobis et iste debitis. Aut nostrum occaecati.', '12758', '61', '36', '92', '2946', '923.32', '24', '2019-01-20 20:47:06', null, null);
INSERT INTO user VALUES ('132', 'Will Power', '17818569734', '091FC857C9383176DC20CA2DE0C312CE', null, null, '男', 'Quia a enim ipsam voluptatem ipsa veritatis. Tenetur facilis iure aut cum quis labore ipsam. Tenetur nostrum qui quae.', '3161', '9', '18', '71', '3475', '865.93', '6', '2019-06-06 04:09:35', null, null);
INSERT INTO user VALUES ('133', 'Elmer Sklue', '14711762318', '8D876EF91FC0221DED0D9F5DCE099067', null, null, '男', 'Consequatur officiis recusandae qui architecto inventore quis. Possimus consequatur ut sed et mollitia deserunt laborum. Sapiente sit at nulla et. Ut sunt reprehenderit officia totam. Fugit dolores maxime reprehenderit distinctio beatae sed non.', '17533', '62', '81', '80', '8538', '1559.69', '59', '2018-06-24 16:34:41', null, null);
INSERT INTO user VALUES ('134', 'Mark Z. Spot', '15174517423', '547E579A7E95BD62604C568251FE04AB', null, null, '女', 'At illum at consequuntur qui dolores sit. Officiis officiis quis ipsa unde quis ducimus. Rerum sapiente veritatis nisi aperiam tempore ea. Omnis laborum placeat qui. Sit a deleniti ratione commodi aut ab nisi.', '18179', '80', '49', '85', '2262', '1200.65', '77', '2019-03-31 11:35:37', null, null);
INSERT INTO user VALUES ('135', 'C. Worthy', '17265074296', '96C550B34FD53C97132492709B91A563', null, null, '女', 'Explicabo eligendi vel ut hic iusto consequatur cupiditate. Facere molestiae omnis. Cupiditate et quod et eius quidem.', '18298', '17', '5', '87', '5698', '1324.18', '7', '2018-01-21 14:28:18', null, null);
INSERT INTO user VALUES ('136', 'Sue Permann', '14500629834', '6864C92A4DA894BE13F6DD3879D99DA2', null, null, '女', 'Aspernatur modi est possimus et. Sed atque at quos natus. Illum necessitatibus quia unde at quisquam. Dolore nesciunt nam. Voluptas soluta nihil inventore est cum.', '16953', '44', '78', '79', '1702', '1018.95', '6', '2019-05-22 07:33:24', null, null);
INSERT INTO user VALUES ('137', 'Carrie A. Tune', '17517346983', '3AFA8DD8C45F61314376C2046EBAAC54', null, null, '男', 'Pariatur a dicta. Quos doloremque odio ut fugiat aut sunt. Incidunt voluptatem doloribus.', '9869', '68', '74', '34', '1417', '1122.21', '6', '2019-04-07 09:39:36', null, null);
INSERT INTO user VALUES ('138', 'Neil B. Formy', '18592435952', 'B7A492FC8C31198A4B703BE74C658E38', null, null, '女', 'Neque dolores quia. Voluptatem blanditiis similique expedita natus laboriosam. Consequatur quos aut reiciendis iure aut. Aut voluptatem cum.', '18485', '7', '37', '35', '1979', '554.22', '14', '2019-02-17 23:39:03', null, null);
INSERT INTO user VALUES ('139', 'Sue Case', '17730499155', '38FCDCF43F1E8FFB8582B88AA56AEFEA', null, null, '女', 'Ea pariatur praesentium. Iure molestiae autem iste nisi tempore accusamus. Excepturi enim ipsum aut.', '2821', '33', '62', '71', '5643', '1404.44', '53', '2019-01-16 08:51:03', null, null);
INSERT INTO user VALUES ('140', 'Nick O\'Time', '13570460319', '1D3C5E1FF4939DB7096107479454E6FE', null, null, '男', 'Incidunt alias qui quae et aperiam sint. Voluptas et facere facilis quia veniam sed. Dolorem sint voluptatem quos error. Fugiat explicabo odio accusantium voluptas eum. Officiis dolor voluptatibus itaque commodi asperiores eos dolores.', '18647', '46', '0', '50', '2279', '1359.54', '24', '2018-04-23 14:51:39', null, null);
INSERT INTO user VALUES ('141', 'Justin Thyme', '15726350996', '382E2EEF578EA2851439FA993B530A43', null, null, '女', 'Qui illo aut nihil est vitae nisi. Voluptatem dolor nulla aut. Eligendi nesciunt vero laborum sequi sint voluptates. Voluptas sequi officiis ea.', '4775', '27', '14', '37', '4465', '584.40', '60', '2018-08-27 08:44:16', null, null);
INSERT INTO user VALUES ('142', 'Anita Knapp', '15918650905', '592CE0599B69A780857CC51F34F58EEC', null, null, '女', 'Quia at voluptates aut similique explicabo. Et cum doloribus. Sed eveniet minima dolor autem sed et. Cum quos consequuntur amet ullam. Laboriosam optio quae.', '7933', '99', '69', '37', '5487', '843.36', '29', '2019-01-30 22:30:27', null, null);
INSERT INTO user VALUES ('143', 'Barry Shmelly', '15180265933', 'BFFC1EF4D822269C8D5D68E715C334FD', null, null, '男', 'Dolorem qui ut suscipit. At dolorem necessitatibus blanditiis rerum. Quia aut excepturi dolorem.', '5338', '13', '3', '73', '4040', '463.63', '64', '2018-02-07 21:34:29', null, null);
INSERT INTO user VALUES ('144', 'Ewan Whatarmy', '15817862361', '58F66BD6AA8747EFBE7D7BD380E2424C', null, null, '男', 'Vel consectetur in. Soluta consequuntur voluptas pariatur quam dolorem. Dolores quos velit non est. Id consequuntur harum tenetur deserunt expedita. Praesentium vel nostrum.', '2894', '70', '6', '56', '3738', '1788.05', '35', '2018-04-07 14:52:18', null, null);
INSERT INTO user VALUES ('145', 'Wilma Leggrowbach', '18460066255', '5A86B1BA782673DADE5240E7214CEB65', null, null, '男', 'Iusto dolores doloribus. Dolorem qui iure eveniet porro. Quidem nulla nostrum enim sed quia atque id. Et iure eum.', '18456', '11', '24', '57', '6572', '1549.35', '80', '2018-09-11 01:29:33', null, null);
INSERT INTO user VALUES ('146', 'Corey Ander', '17234027540', '9CD38525E0D28EA141891CF976D90F4B', null, null, '女', 'At iusto iure et. Aut sunt adipisci tempore. Qui aut qui. Ut consequuntur earum vel omnis beatae. Voluptatem aliquid exercitationem.', '3596', '45', '3', '20', '1644', '382.62', '96', '2018-02-02 03:58:55', null, null);
INSERT INTO user VALUES ('147', 'Tommy Hawk', '17566278373', '8D55EA99D4FAD5874AE3E8026C307A1A', null, null, '男', 'Voluptate explicabo nihil explicabo eligendi quisquam vitae. Et quidem quae aut odit voluptate quis laborum. Qui neque vero eos deserunt libero dolor. Possimus quo voluptatem at nihil eos iste.', '2612', '92', '42', '30', '8506', '1265.04', '41', '2018-11-17 12:23:28', null, null);
INSERT INTO user VALUES ('148', 'Anita Bath', '17822915307', '8D5FDE3EFEADD5A462468CFD19BED595', null, null, '男', 'Possimus error ut officia enim placeat aperiam cumque. Omnis doloremque voluptatem aspernatur eos. Dignissimos mollitia est saepe. Quia sequi ut.', '2271', '26', '2', '89', '7598', '1177.35', '15', '2019-06-05 13:27:47', null, null);
INSERT INTO user VALUES ('149', 'Lisa Ford', '18550004355', '41C704C4A4E588D48875877C982B2284', null, null, '男', 'Voluptas et quae ut inventore officiis. Facilis eius sapiente ipsum architecto eveniet consequatur. Error iusto adipisci ea tenetur quae suscipit. Molestias non culpa sed eius.', '3519', '52', '84', '54', '2472', '91.63', '51', '2018-09-11 08:24:21', null, null);
INSERT INTO user VALUES ('150', 'Lisa Honda', '14750826603', '5BA9CC366251D1EAD43DFDE98C6A91D9', null, null, '女', 'Dolorum ut nam qui laboriosam. Porro enim et. Et porro atque reiciendis minus beatae aut illum. Fuga occaecati voluptatem quisquam inventore. Voluptate non blanditiis asperiores libero.', '10782', '81', '15', '3', '9564', '926.10', '12', '2018-12-05 05:52:30', null, null);
INSERT INTO user VALUES ('151', 'Justin Sane', '15777219996', '21C445B7953EDFB6BF359A42209523C7', null, null, '女', 'Dolorem pariatur nihil quam fugiat iusto ullam quo. Cupiditate voluptate eum magni qui porro. Nobis qui ea tempore dolor. Vel voluptatibus accusamus. Fugiat eos qui nostrum.', '3353', '49', '20', '51', '405', '355.62', '8', '2019-02-06 14:10:28', null, null);
INSERT INTO user VALUES ('152', 'Bea Lowe', '17628838027', '788408960F030FA22CD0DCEE005E79B4', null, null, '女', 'Asperiores similique voluptatem et. Voluptatem eum ut rerum voluptates et accusantium vel. Ipsa voluptas inventore fugit rerum maxime et. Et id et omnis.', '4418', '3', '57', '49', '3335', '999.80', '3', '2018-11-21 08:37:11', null, null);
INSERT INTO user VALUES ('153', 'Jack Dupp', '15272228689', 'A6FB2E93ADA34B26F2EF06C8EE515025', null, null, '男', 'In dolor tempora non. Qui nobis autem vitae quis sed quas. Saepe voluptate est harum ab eos. Et corrupti molestiae rerum. Unde autem aut earum totam cum expedita veniam.', '12031', '67', '25', '90', '5458', '1932.12', '92', '2018-02-19 06:09:29', null, null);
INSERT INTO user VALUES ('154', 'Ilene South', '18165657128', '094BA2355D7553BB761D01A0ECEEA867', null, null, '女', 'Similique explicabo beatae commodi repellat odio eligendi distinctio. Vero eos nesciunt aperiam incidunt quos eum beatae. Dolor rerum delectus quia. Iure occaecati pariatur inventore quidem. Accusamus provident in ducimus pariatur voluptatibus quia.', '6900', '26', '55', '3', '7286', '661.21', '49', '2018-03-04 23:52:22', null, null);
INSERT INTO user VALUES ('155', 'Polly Dent', '17321786590', 'B220DD65D753C30C8A18B58D70F13032', null, null, '女', 'Maiores consequuntur natus ut est mollitia illo. Sit voluptatibus sit et reprehenderit tenetur tempore harum. Aut saepe mollitia quam molestiae at.', '18409', '27', '98', '44', '57', '1509.71', '70', '2019-01-24 16:42:06', null, null);
INSERT INTO user VALUES ('156', 'Annie Moore', '15763974090', '4140BD47256A4AC3DC58ED031B7BF53A', null, null, '男', 'Ducimus deleniti ab optio dicta corporis quo enim. Est rem similique. Eos et ducimus.', '11342', '60', '25', '13', '8427', '1564.89', '5', '2019-05-28 15:36:20', null, null);
INSERT INTO user VALUES ('157', 'Holly Wood', '17139497445', 'AAE406670E0E02D27DA6D8DA59302226', null, null, '女', 'Qui natus ut molestias ut odit. Rerum et odio. Nobis repellat fugit dolorum iusto repellendus. Quo aut harum.', '1486', '18', '31', '32', '1962', '1295.32', '13', '2018-03-11 18:36:03', null, null);
INSERT INTO user VALUES ('158', 'Max Power', '18173544812', '7A8F2E11ABDE6C993E1B5A1F626037A0', null, null, '女', 'Sunt quod ab enim voluptates aut enim ipsa. Aut aperiam sint quaerat maxime accusamus repudiandae. Velit blanditiis quas perferendis cupiditate ut rerum.', '13405', '10', '81', '20', '4531', '1781.95', '48', '2018-09-12 11:39:37', null, null);
INSERT INTO user VALUES ('159', 'Vlad Tire', '17883529096', 'B468034A49805F782D9B8EA0B4F6D1AD', null, null, '女', 'Sapiente praesentium sunt ut corrupti a adipisci. Ut recusandae ut eum provident non culpa. Cumque assumenda cum. Reprehenderit ab possimus doloremque non magni.', '2565', '96', '14', '7', '6768', '1023.77', '4', '2018-10-22 13:46:38', null, null);
INSERT INTO user VALUES ('160', 'Buddy System', '14746613167', '9AB8B84C7D58B1C12AFE1CF2DD761661', null, null, '男', 'Voluptatibus voluptas aliquam non. Accusantium animi pariatur. Sit quaerat voluptas praesentium.', '12608', '52', '23', '73', '246', '1773.03', '74', '2018-12-04 16:05:27', null, null);
INSERT INTO user VALUES ('161', 'Jack Dupp', '15847969791', 'C92CE1C91666F34328B8EE7E9017EDE1', null, null, '男', 'Fugiat ea dolore iusto. Nulla ut sequi eligendi et nulla. Nulla ipsa optio. Consequatur eum consequatur qui ipsa.', '15349', '69', '76', '45', '929', '1793.81', '60', '2018-10-03 07:58:39', null, null);
INSERT INTO user VALUES ('162', 'Barb Dwyer', '18536350349', 'D2D7DE6E35ED80E154152CB30EECC98F', null, null, '男', 'Praesentium eos modi vel voluptatem. Et omnis sequi modi. Qui omnis ut voluptas itaque sit inventore dolorum.', '18918', '91', '9', '5', '3905', '1649.96', '76', '2018-06-10 10:06:20', null, null);
INSERT INTO user VALUES ('163', 'Molly Kuehl', '15746405733', '572FBA0757CEC7CFB6445D420B004F44', null, null, '女', 'Harum quis odio. Nam saepe reiciendis sunt labore modi. Voluptatem libero molestiae qui ipsum est. Optio blanditiis non tempora sed quod.', '8545', '47', '18', '89', '6738', '868.37', '2', '2018-02-24 07:50:03', null, null);
INSERT INTO user VALUES ('164', 'Des Buratto', '15936920601', '0FFC409EDE6DCE1DD786DB5AD822AEAE', null, null, '女', 'In libero sed voluptatem. Quis soluta facilis blanditiis maxime cupiditate ut. Voluptatem architecto reprehenderit quasi ex beatae. Consequatur ut ipsa et. Rem consequuntur ipsum dolores optio doloremque unde.', '5968', '61', '62', '31', '1973', '1391.98', '80', '2018-12-23 17:30:08', null, null);
INSERT INTO user VALUES ('165', 'Hein Noon', '18071793111', 'E5F4CA4F4BC6C4547597052613A2C986', null, null, '女', 'Qui velit deleniti officia similique. Nostrum ut aut aut aliquid nulla deleniti ea. Id enim quisquam quis nemo. Fuga quibusdam vel aut ullam ullam ad. Sequi aut possimus aperiam.', '4208', '64', '57', '89', '9653', '354.77', '94', '2019-04-13 11:22:05', null, null);
INSERT INTO user VALUES ('166', 'Gene Poole', '15153514121', 'D17B63A9E8145EA263C004F869FA1A44', null, null, '女', 'Doloribus consequatur pariatur at consequatur. Consectetur occaecati accusantium quas architecto error et veniam. Aut aut voluptatibus quia quis quam quia perspiciatis. Et deleniti dolores quia et doloribus id. Maiores laborum nihil molestiae.', '3133', '37', '97', '51', '2345', '1597.94', '28', '2018-04-03 13:32:47', null, null);
INSERT INTO user VALUES ('167', 'Walter Melon', '17205755028', '08F342BD7D31497D6DB5C5AC96F9AF07', null, null, '男', 'Quam nisi et voluptas accusamus adipisci beatae. Eveniet dignissimos molestiae nesciunt molestias. Quia ex aut natus rerum. Occaecati eius dolor neque enim. Sit excepturi sed veniam quos sunt quis hic.', '3043', '92', '16', '87', '2768', '925.38', '62', '2018-09-08 03:12:12', null, null);
INSERT INTO user VALUES ('168', 'Dusty Storm', '17268098628', 'C8EEF139BDB9A8E01853B0E7B8626072', null, null, '女', 'Consequuntur iusto enim. Rerum aut nostrum. Nemo et laboriosam. Accusamus libero cumque neque commodi dolor commodi velit. Repudiandae sed asperiores deserunt.', '5816', '51', '91', '82', '6805', '1833.09', '24', '2018-09-11 02:46:29', null, null);
INSERT INTO user VALUES ('169', 'Justin Credible', '15687574476', 'C092C67709409C5DE8174F461BC5167F', null, null, '女', 'Ducimus ad molestias dolor a. Odio quia doloribus exercitationem sequi modi quae quisquam. Qui quasi totam et et ea incidunt.', '19952', '76', '3', '50', '5721', '389.30', '33', '2018-12-29 17:07:43', null, null);
INSERT INTO user VALUES ('170', 'Bill Ding', '15616153284', '29AFDEB183966639F9A886D5ACC55137', null, null, '男', 'Aut delectus quia minima excepturi qui tempora. Aliquid autem officia explicabo nemo. Incidunt ab minima. Laborum ut inventore quia sapiente aspernatur.', '2312', '30', '44', '5', '8192', '447.21', '94', '2019-02-23 17:53:16', null, null);
INSERT INTO user VALUES ('171', 'Danielle Soloud', '14722165356', '443A3A8C00B8D22BD3F2D38E496732BF', null, null, '女', 'Sed ut ipsa maxime a rerum vel. Accusantium et sunt dolores dolor ullam officia. Voluptas amet et voluptatibus et.', '11704', '20', '11', '74', '3793', '1068.18', '69', '2018-02-10 05:46:47', null, null);
INSERT INTO user VALUES ('172', 'Cole Durkee', '17851499121', '3870E8E206C250DAFCF60D7A0A970827', null, null, '男', 'Quia totam nisi praesentium sed sed occaecati. Laboriosam impedit sit voluptatem rerum. Tempora quae omnis. Veritatis eius cum esse.', '11583', '9', '21', '55', '4392', '1999.24', '65', '2018-01-20 10:06:44', null, null);
INSERT INTO user VALUES ('173', 'Godiva Headache', '15584008802', 'F615110152EA522997E3EECB30782891', null, null, '男', 'Beatae illum optio qui ratione dolores dolore. Perferendis officia nulla. Distinctio deserunt iure iusto aspernatur.', '2804', '87', '73', '53', '581', '791.68', '17', '2018-04-12 11:23:36', null, null);
INSERT INTO user VALUES ('174', 'Al K. Seltzer', '17338444748', 'C7A6A6AFB9966B83F56973D6E746EA97', null, null, '女', 'Error quibusdam enim aspernatur ut est officia tempore. Quisquam ex saepe quia eos explicabo est eligendi. Perferendis dolorem provident nobis. Quia magni blanditiis voluptas animi autem natus et. Ut rem laborum.', '19270', '7', '4', '99', '9727', '1960.66', '90', '2018-12-21 21:22:48', null, null);
INSERT INTO user VALUES ('175', 'Anne T. Lope', '17148076257', 'BF51D1AC0A3F4AAD1B09793848265232', null, null, '男', 'Reiciendis saepe deleniti et eaque repellat. Eaque quo dolores qui aperiam. Qui est hic ea.', '7936', '73', '99', '38', '6895', '1428.25', '0', '2019-06-04 22:51:53', null, null);
INSERT INTO user VALUES ('176', 'Penny Whistler', '14792147179', '47F55166C74F2C87AB10FFA1EA91726A', null, null, '女', 'Assumenda eum sit ipsam sunt et. Esse sint vel hic natus non. Exercitationem consequatur laudantium et temporibus. Tempora quis rerum voluptate autem veritatis quis.', '1873', '43', '83', '93', '5291', '1259.29', '32', '2018-09-08 11:16:32', null, null);
INSERT INTO user VALUES ('177', 'Phil DeGrave', '17257836971', '63869B881ED32E07C3F0235336863966', null, null, '女', 'Alias vel velit nulla cum iste. Ducimus quis aut. Et eligendi quasi rem voluptas cumque qui maiores.', '5558', '99', '19', '50', '5770', '11.70', '57', '2018-08-14 13:30:14', null, null);
INSERT INTO user VALUES ('178', 'Mike Czech', '17600084404', 'F8EC1EFD8FB236025B576D8933F3290B', null, null, '男', 'Id ut mollitia at nisi maxime et. Autem rerum non non vero consectetur. Reprehenderit eaque expedita voluptate sit error consectetur ut.', '2170', '66', '45', '70', '2976', '280.65', '88', '2018-01-13 12:38:00', null, null);
INSERT INTO user VALUES ('179', 'Dusty Storm', '17894917786', '5F351772EF02ADBEF2A8D5AE8F43BF57', null, null, '男', 'Vel unde error voluptatibus velit voluptas. Reiciendis aperiam ut. Quidem sequi est ratione delectus.', '14177', '33', '66', '1', '7572', '1368.12', '72', '2018-11-17 22:30:42', null, null);
INSERT INTO user VALUES ('180', 'Dee Sember', '15243267264', 'E1D8B8B8D4788AFFF51BC2ABBBBEF176', null, null, '男', 'Et accusantium nulla non dolores. Officia minus occaecati aperiam. Fuga sed at dolore culpa iure animi nihil. Excepturi non consequatur expedita vel quam. Ea saepe sed incidunt est ut dolor praesentium.', '4372', '67', '98', '96', '8932', '1998.64', '96', '2018-01-20 07:21:07', null, null);
INSERT INTO user VALUES ('181', 'Chris Ko', '17647254572', '621AD37A4702CFE20150FE8935425D23', null, null, '女', 'Sed odio maxime velit enim. Earum et non aliquam fuga. Voluptatem et reprehenderit iure nostrum quaerat quibusdam. Quia rerum sed.', '19332', '37', '90', '75', '1945', '1888.87', '62', '2018-02-08 17:31:37', null, null);
INSERT INTO user VALUES ('182', 'Manny Kinn', '15143035613', '4669486DD7E237A513E923E2FF9DE7EA', null, null, '女', 'Quidem qui quis tenetur. Voluptatibus consectetur quis voluptatem a. Ducimus alias suscipit sed architecto. Assumenda qui officia omnis. Possimus rem consectetur.', '3542', '84', '55', '86', '2926', '1448.42', '21', '2018-08-10 05:34:53', null, null);
INSERT INTO user VALUES ('183', 'May K. Fist', '17888539550', '1E0F6C6ECD5DDE5841A768AC3C1D9BB3', null, null, '男', 'Quas qui quo quos error est aspernatur. Illum quia saepe repellat facilis vero et vel. Earum omnis saepe.', '19715', '9', '6', '7', '8798', '1575.47', '20', '2018-11-08 06:44:48', null, null);
INSERT INTO user VALUES ('184', 'Adam Baum', '17620819034', '4E18A453B773C3E8CBC52E5770B8D4F9', null, null, '女', 'Quos autem voluptatem. Tempore sit saepe consectetur similique molestiae odit. Hic sed voluptas minus. Ea ut quae.', '7950', '94', '64', '77', '5210', '1532.10', '39', '2019-01-14 00:52:02', null, null);
INSERT INTO user VALUES ('185', 'Les Payne', '15992622037', '0BE257E1DAFFB0A2DB67D4650CCF005C', null, null, '女', 'Veritatis quo maxime recusandae atque. Aspernatur omnis eum. Est quia et doloremque earum reprehenderit in.', '605', '40', '2', '65', '9656', '934.11', '33', '2018-05-05 12:49:17', null, null);
INSERT INTO user VALUES ('186', 'Hugh deMann', '17784624998', '09128419AAE62331F5179928D5D673AA', null, null, '女', 'Magnam neque tempore occaecati assumenda quam eos. Magni sed est id qui et. Vel sit quo aliquam aliquam aliquid aliquam. Delectus id ipsa perferendis sint aperiam ipsam et.', '19173', '21', '17', '93', '2652', '74.24', '47', '2019-04-14 15:47:41', null, null);
INSERT INTO user VALUES ('187', 'Iona Frisbee', '15843414788', 'C058AF060448B31DE8797B6550742708', null, null, '女', 'Similique eveniet quisquam a harum et dolorum. Officia sunt recusandae corporis repudiandae dolore vero eos. Aut occaecati in reiciendis vitae quasi vel.', '14050', '85', '82', '68', '4290', '1568.88', '38', '2018-02-10 09:34:51', null, null);
INSERT INTO user VALUES ('188', 'Milly Graham', '15603153937', '0716A937DEF338D9F7E0A2A733F8D81A', null, null, '男', 'In eos dolor voluptas exercitationem sed quibusdam. Velit et voluptatem officia officia quo sed. Provident ratione vel voluptatem rerum. Culpa eos et ut dolores.', '12733', '62', '57', '63', '3496', '1621.65', '47', '2018-09-19 16:32:15', null, null);
INSERT INTO user VALUES ('189', 'Quint S. Henschel', '17247634049', '9A5B7504086E7EA4426A4D97DA609B3C', null, null, '女', 'Necessitatibus ipsa nesciunt alias nihil quia voluptates praesentium. Dolore quo voluptatum non dignissimos beatae qui dolor. Ex est veritatis voluptatem. Quia corporis pariatur omnis et. Error totam ipsam.', '1516', '54', '39', '11', '4611', '1401.63', '22', '2018-08-30 21:54:14', null, null);
INSERT INTO user VALUES ('190', 'Val Veeta', '15840743077', 'B06A8041CCDF9D968EB746E4197FA2D1', null, null, '男', 'Asperiores ad suscipit consequatur repudiandae aperiam. Incidunt debitis quidem est optio ipsa. Non molestiae tempore doloribus. Qui id et dolorum et voluptates. Dolorem qui ut nihil maiores laudantium.', '9379', '84', '24', '66', '2564', '143.19', '69', '2018-02-18 20:42:03', null, null);
INSERT INTO user VALUES ('191', 'Godiva Headache', '14783475524', '7F058BE503CEBC94D0A8EA88EA231728', null, null, '男', 'Officia omnis et quo. Ut impedit animi quis sed in ducimus ut. Eum nam aut corporis consequatur.', '2348', '58', '2', '97', '8989', '511.06', '78', '2018-01-29 04:47:13', null, null);
INSERT INTO user VALUES ('192', 'Darryl Likt', '14547357267', 'DB2205EF797BABBA3384B301FD686D93', null, null, '男', 'Et et aut earum. Earum sed non illum. Aut at eaque consequatur numquam. Eligendi perspiciatis iure.', '3604', '37', '38', '85', '7255', '125.75', '85', '2018-10-13 17:52:08', null, null);
INSERT INTO user VALUES ('193', 'Jack Hammer', '15823616526', 'D664EE64652C3F14E4CCA2319B4DC4BB', null, null, '男', 'Ut sit et quia magni. Porro eos sint quae est ut. Et dolores ex sed iure eaque voluptas velit. Voluptas non aliquam quis laudantium error enim.', '10977', '11', '83', '36', '9304', '1095.55', '90', '2018-09-25 16:40:34', null, null);
INSERT INTO user VALUES ('194', 'Ellie Noise', '14585840869', 'FDF8A0871C4D79D672E28B0870FB1106', null, null, '女', 'Accusantium et doloremque impedit magnam. Quia dicta praesentium dicta beatae eos omnis possimus. Numquam dolores consequatur sint nihil ipsa. Nulla consequatur tempora praesentium qui qui.', '4072', '44', '1', '26', '4757', '1100.49', '94', '2018-09-20 23:56:49', null, null);
INSERT INTO user VALUES ('195', 'Rocky Beach', '17761096361', '312AA58C3D970D3FE1EC5C79325C22B4', null, null, '男', 'Nulla qui blanditiis quas voluptatem voluptatem omnis. Consequatur in aut vero accusantium. Dolores est et inventore.', '7428', '88', '57', '23', '5875', '215.81', '3', '2019-04-06 15:56:48', null, null);
INSERT INTO user VALUES ('196', 'Lily Livard', '14548112272', 'B71484863F6058CA0BD1AFED2CC8E843', null, null, '女', 'Est fugit sunt error. Debitis ipsa laborum est delectus dicta. Adipisci est nemo occaecati voluptate inventore. Nostrum et eaque minima.', '4926', '7', '81', '34', '5101', '1777.58', '30', '2019-05-24 11:14:31', null, null);
INSERT INTO user VALUES ('197', 'Mandy Lifeboats', '15679459491', '74D84808D0CF3ECDE017E0C6A6BCADB9', null, null, '女', 'Est a illo voluptatem provident voluptatum. A sunt rerum. Beatae fugiat placeat ipsum.', '2345', '73', '33', '2', '7879', '240.47', '41', '2018-12-05 14:20:54', null, null);
INSERT INTO user VALUES ('198', 'Rocky Mountain', '15248758930', '7F6C686C457D0836EC777726760E86E3', null, null, '男', 'Corrupti beatae delectus sint. Inventore non voluptas. Cumque repellendus omnis qui est minus qui eligendi. Est placeat delectus reprehenderit sed cupiditate enim laboriosam. Iure aut cupiditate sapiente repellendus dolores minus aut.', '16947', '43', '23', '8', '4094', '1869.60', '17', '2019-04-16 15:19:15', null, null);
INSERT INTO user VALUES ('199', 'Howie Doohan', '17632635146', '516D64CF9836EE76F02C81F6CD939595', null, null, '女', 'Porro eum quod. Hic provident voluptas laborum. Eaque ab ut dolor magni nulla in. Consequatur qui magnam. Enim voluptas voluptatem aut dicta.', '17698', '95', '17', '33', '6831', '626.61', '59', '2018-02-22 10:19:57', null, null);
INSERT INTO user VALUES ('200', 'Bart Ender', '17771758731', '2C3EBCBB01ACE8B0EC085D7B0CE463C6', null, null, '女', 'Reiciendis consequatur sint est provident est et harum. Eaque illum tempora. Temporibus quod non itaque laudantium necessitatibus quas. Qui sed culpa illum non.', '17650', '47', '17', '41', '1873', '1524.23', '47', '2019-02-28 19:02:02', null, null);

-- ----------------------------
-- Table structure for `userfollowuser`
-- ----------------------------
DROP TABLE IF EXISTS `userfollowuser`;
CREATE TABLE `userfollowuser` (
  `userA` int(11) NOT NULL COMMENT '关注者',
  `userB` int(11) NOT NULL COMMENT '被关注者',
  `followTime` datetime DEFAULT NULL COMMENT '用户A关注用户B的时间',
  PRIMARY KEY (`userA`,`userB`),
  KEY `FK_UserFollowUser2` (`userB`),
  CONSTRAINT `FK_UserFollowUser` FOREIGN KEY (`userA`) REFERENCES `user` (`uid`),
  CONSTRAINT `FK_UserFollowUser2` FOREIGN KEY (`userB`) REFERENCES `user` (`uid`)
) ENGINE=InnoDB DEFAULT CHARSET=utf8;

-- ----------------------------
-- Records of userfollowuser
-- ----------------------------

-- ----------------------------
-- Table structure for `usergivediamondtoarticle`
-- ----------------------------
DROP TABLE IF EXISTS `usergivediamondtoarticle`;
CREATE TABLE `usergivediamondtoarticle` (
  `dsid` int(11) NOT NULL AUTO_INCREMENT COMMENT '用户进行单词打赏的id    是用户单词打赏的唯一标识',
  `uid` int(11) NOT NULL COMMENT '进行打赏的用户id 即该用户将对某篇文章进行打赏',
  `articleId` int(11) NOT NULL COMMENT '被打赏的文章id',
  `diamond` float(8,2) DEFAULT NULL COMMENT '用户打赏文章的钻石金额数目',
  PRIMARY KEY (`dsid`),
  KEY `FK_UserGiveDiamondToArticle` (`articleId`),
  KEY `FK_UserGiveDiamondToArticle2` (`uid`),
  CONSTRAINT `FK_UserGiveDiamondToArticle` FOREIGN KEY (`articleId`) REFERENCES `article` (`articleId`),
  CONSTRAINT `FK_UserGiveDiamondToArticle2` FOREIGN KEY (`uid`) REFERENCES `user` (`uid`)
) ENGINE=InnoDB DEFAULT CHARSET=utf8;

-- ----------------------------
-- Records of usergivediamondtoarticle
-- ----------------------------

-- ----------------------------
-- Table structure for `userlikearticle`
-- ----------------------------
DROP TABLE IF EXISTS `userlikearticle`;
CREATE TABLE `userlikearticle` (
  `uid` int(11) NOT NULL COMMENT '喜欢文章的用户id',
  `articleId` int(11) NOT NULL COMMENT '用户喜欢的文章id',
  PRIMARY KEY (`articleId`,`uid`),
  KEY `FK_UserLikeArticle2` (`uid`),
  CONSTRAINT `FK_UserLikeArticle` FOREIGN KEY (`articleId`) REFERENCES `article` (`articleId`),
  CONSTRAINT `FK_UserLikeArticle2` FOREIGN KEY (`uid`) REFERENCES `user` (`uid`)
) ENGINE=InnoDB DEFAULT CHARSET=utf8;

-- ----------------------------
-- Records of userlikearticle
-- ----------------------------
